raceId,year,round,circuitId,name,date,time,url,fp1_date,fp1_time,fp2_date,fp2_time,fp3_date,fp3_time,quali_date,quali_time,sprint_date,sprint_time,Scheduled Laps,Laps
1,2009,1,1,Australian Grand Prix,2009-03-29,06:00:00,http://en.wikipedia.org/wiki/2009_Australian_Grand_Prix,\N,\N,\N,\N,\N,\N,\N,\N,\N,\N,58.0,58.0
2,2009,2,2,Malaysian Grand Prix,2009-04-05,09:00:00,http://en.wikipedia.org/wiki/2009_Malaysian_Grand_Prix,\N,\N,\N,\N,\N,\N,\N,\N,\N,\N,56.0,31.0
3,2009,3,17,Chinese Grand Prix,2009-04-19,07:00:00,http://en.wikipedia.org/wiki/2009_Chinese_Grand_Prix,\N,\N,\N,\N,\N,\N,\N,\N,\N,\N,56.0,56.0
4,2009,4,3,Bahrain Grand Prix,2009-04-26,12:00:00,http://en.wikipedia.org/wiki/2009_Bahrain_Grand_Prix,\N,\N,\N,\N,\N,\N,\N,\N,\N,\N,57.0,57.0
5,2009,5,4,Spanish Grand Prix,2009-05-10,12:00:00,http://en.wikipedia.org/wiki/2009_Spanish_Grand_Prix,\N,\N,\N,\N,\N,\N,\N,\N,\N,\N,66.0,66.0
6,2009,6,6,Monaco Grand Prix,2009-05-24,12:00:00,http://en.wikipedia.org/wiki/2009_Monaco_Grand_Prix,\N,\N,\N,\N,\N,\N,\N,\N,\N,\N,78.0,78.0
7,2009,7,5,Turkish Grand Prix,2009-06-07,12:00:00,http://en.wikipedia.org/wiki/2009_Turkish_Grand_Prix,\N,\N,\N,\N,\N,\N,\N,\N,\N,\N,58.0,58.0
8,2009,8,9,British Grand Prix,2009-06-21,12:00:00,http://en.wikipedia.org/wiki/2009_British_Grand_Prix,\N,\N,\N,\N,\N,\N,\N,\N,\N,\N,60.0,60.0
9,2009,9,20,German Grand Prix,2009-07-12,12:00:00,http://en.wikipedia.org/wiki/2009_German_Grand_Prix,\N,\N,\N,\N,\N,\N,\N,\N,\N,\N,60.0,60.0
10,2009,10,11,Hungarian Grand Prix,2009-07-26,12:00:00,http://en.wikipedia.org/wiki/2009_Hungarian_Grand_Prix,\N,\N,\N,\N,\N,\N,\N,\N,\N,\N,70.0,70.0
11,2009,11,12,European Grand Prix,2009-08-23,12:00:00,http://en.wikipedia.org/wiki/2009_European_Grand_Prix,\N,\N,\N,\N,\N,\N,\N,\N,\N,\N,57.0,57.0
12,2009,12,13,Belgian Grand Prix,2009-08-30,12:00:00,http://en.wikipedia.org/wiki/2009_Belgian_Grand_Prix,\N,\N,\N,\N,\N,\N,\N,\N,\N,\N,44.0,44.0
13,2009,13,14,Italian Grand Prix,2009-09-13,12:00:00,http://en.wikipedia.org/wiki/2009_Italian_Grand_Prix,\N,\N,\N,\N,\N,\N,\N,\N,\N,\N,53.0,53.0
14,2009,14,15,Singapore Grand Prix,2009-09-27,12:00:00,http://en.wikipedia.org/wiki/2009_Singapore_Grand_Prix,\N,\N,\N,\N,\N,\N,\N,\N,\N,\N,61.0,61.0
15,2009,15,22,Japanese Grand Prix,2009-10-04,05:00:00,http://en.wikipedia.org/wiki/2009_Japanese_Grand_Prix,\N,\N,\N,\N,\N,\N,\N,\N,\N,\N,53.0,53.0
16,2009,16,18,Brazilian Grand Prix,2009-10-18,16:00:00,http://en.wikipedia.org/wiki/2009_Brazilian_Grand_Prix,\N,\N,\N,\N,\N,\N,\N,\N,\N,\N,71.0,71.0
17,2009,17,24,Abu Dhabi Grand Prix,2009-11-01,11:00:00,http://en.wikipedia.org/wiki/2009_Abu_Dhabi_Grand_Prix,\N,\N,\N,\N,\N,\N,\N,\N,\N,\N,55.0,55.0
18,2008,1,1,Australian Grand Prix,2008-03-16,04:30:00,http://en.wikipedia.org/wiki/2008_Australian_Grand_Prix,\N,\N,\N,\N,\N,\N,\N,\N,\N,\N,58.0,58.0
19,2008,2,2,Malaysian Grand Prix,2008-03-23,07:00:00,http://en.wikipedia.org/wiki/2008_Malaysian_Grand_Prix,\N,\N,\N,\N,\N,\N,\N,\N,\N,\N,56.0,56.0
20,2008,3,3,Bahrain Grand Prix,2008-04-06,11:30:00,http://en.wikipedia.org/wiki/2008_Bahrain_Grand_Prix,\N,\N,\N,\N,\N,\N,\N,\N,\N,\N,57.0,57.0
21,2008,4,4,Spanish Grand Prix,2008-04-27,12:00:00,http://en.wikipedia.org/wiki/2008_Spanish_Grand_Prix,\N,\N,\N,\N,\N,\N,\N,\N,\N,\N,66.0,66.0
22,2008,5,5,Turkish Grand Prix,2008-05-11,12:00:00,http://en.wikipedia.org/wiki/2008_Turkish_Grand_Prix,\N,\N,\N,\N,\N,\N,\N,\N,\N,\N,58.0,58.0
23,2008,6,6,Monaco Grand Prix,2008-05-25,12:00:00,http://en.wikipedia.org/wiki/2008_Monaco_Grand_Prix,\N,\N,\N,\N,\N,\N,\N,\N,\N,\N,78.0,76.0
24,2008,7,7,Canadian Grand Prix,2008-06-08,17:00:00,http://en.wikipedia.org/wiki/2008_Canadian_Grand_Prix,\N,\N,\N,\N,\N,\N,\N,\N,\N,\N,70.0,70.0
25,2008,8,8,French Grand Prix,2008-06-22,12:00:00,http://en.wikipedia.org/wiki/2008_French_Grand_Prix,\N,\N,\N,\N,\N,\N,\N,\N,\N,\N,70.0,70.0
26,2008,9,9,British Grand Prix,2008-07-06,12:00:00,http://en.wikipedia.org/wiki/2008_British_Grand_Prix,\N,\N,\N,\N,\N,\N,\N,\N,\N,\N,60.0,60.0
27,2008,10,10,German Grand Prix,2008-07-20,12:00:00,http://en.wikipedia.org/wiki/2008_German_Grand_Prix,\N,\N,\N,\N,\N,\N,\N,\N,\N,\N,67.0,67.0
28,2008,11,11,Hungarian Grand Prix,2008-08-03,12:00:00,http://en.wikipedia.org/wiki/2008_Hungarian_Grand_Prix,\N,\N,\N,\N,\N,\N,\N,\N,\N,\N,70.0,70.0
29,2008,12,12,European Grand Prix,2008-08-24,12:00:00,http://en.wikipedia.org/wiki/2008_European_Grand_Prix,\N,\N,\N,\N,\N,\N,\N,\N,\N,\N,57.0,57.0
30,2008,13,13,Belgian Grand Prix,2008-09-07,12:00:00,http://en.wikipedia.org/wiki/2008_Belgian_Grand_Prix,\N,\N,\N,\N,\N,\N,\N,\N,\N,\N,44.0,44.0
31,2008,14,14,Italian Grand Prix,2008-09-14,12:00:00,http://en.wikipedia.org/wiki/2008_Italian_Grand_Prix,\N,\N,\N,\N,\N,\N,\N,\N,\N,\N,53.0,53.0
32,2008,15,15,Singapore Grand Prix,2008-09-28,12:00:00,http://en.wikipedia.org/wiki/2008_Singapore_Grand_Prix,\N,\N,\N,\N,\N,\N,\N,\N,\N,\N,61.0,61.0
33,2008,16,16,Japanese Grand Prix,2008-10-12,04:30:00,http://en.wikipedia.org/wiki/2008_Japanese_Grand_Prix,\N,\N,\N,\N,\N,\N,\N,\N,\N,\N,67.0,67.0
34,2008,17,17,Chinese Grand Prix,2008-10-19,07:00:00,http://en.wikipedia.org/wiki/2008_Chinese_Grand_Prix,\N,\N,\N,\N,\N,\N,\N,\N,\N,\N,56.0,56.0
35,2008,18,18,Brazilian Grand Prix,2008-11-02,17:00:00,http://en.wikipedia.org/wiki/2008_Brazilian_Grand_Prix,\N,\N,\N,\N,\N,\N,\N,\N,\N,\N,71.0,71.0
36,2007,1,1,Australian Grand Prix,2007-03-18,03:00:00,http://en.wikipedia.org/wiki/2007_Australian_Grand_Prix,\N,\N,\N,\N,\N,\N,\N,\N,\N,\N,58.0,58.0
37,2007,2,2,Malaysian Grand Prix,2007-04-08,07:00:00,http://en.wikipedia.org/wiki/2007_Malaysian_Grand_Prix,\N,\N,\N,\N,\N,\N,\N,\N,\N,\N,56.0,56.0
38,2007,3,3,Bahrain Grand Prix,2007-04-15,11:30:00,http://en.wikipedia.org/wiki/2007_Bahrain_Grand_Prix,\N,\N,\N,\N,\N,\N,\N,\N,\N,\N,57.0,57.0
39,2007,4,4,Spanish Grand Prix,2007-05-13,12:00:00,http://en.wikipedia.org/wiki/2007_Spanish_Grand_Prix,\N,\N,\N,\N,\N,\N,\N,\N,\N,\N,66.0,65.0
40,2007,5,6,Monaco Grand Prix,2007-05-27,12:00:00,http://en.wikipedia.org/wiki/2007_Monaco_Grand_Prix,\N,\N,\N,\N,\N,\N,\N,\N,\N,\N,78.0,78.0
41,2007,6,7,Canadian Grand Prix,2007-06-10,17:00:00,http://en.wikipedia.org/wiki/2007_Canadian_Grand_Prix,\N,\N,\N,\N,\N,\N,\N,\N,\N,\N,70.0,70.0
42,2007,7,19,United States Grand Prix,2007-06-17,17:00:00,http://en.wikipedia.org/wiki/2007_United_States_Grand_Prix,\N,\N,\N,\N,\N,\N,\N,\N,\N,\N,73.0,73.0
43,2007,8,8,French Grand Prix,2007-07-01,12:00:00,http://en.wikipedia.org/wiki/2007_French_Grand_Prix,\N,\N,\N,\N,\N,\N,\N,\N,\N,\N,70.0,70.0
44,2007,9,9,British Grand Prix,2007-07-08,12:00:00,http://en.wikipedia.org/wiki/2007_British_Grand_Prix,\N,\N,\N,\N,\N,\N,\N,\N,\N,\N,60.0,59.0
45,2007,10,20,European Grand Prix,2007-07-22,12:00:00,http://en.wikipedia.org/wiki/2007_European_Grand_Prix,\N,\N,\N,\N,\N,\N,\N,\N,\N,\N,60.0,60.0
46,2007,11,11,Hungarian Grand Prix,2007-08-05,12:00:00,http://en.wikipedia.org/wiki/2007_Hungarian_Grand_Prix,\N,\N,\N,\N,\N,\N,\N,\N,\N,\N,70.0,70.0
47,2007,12,5,Turkish Grand Prix,2007-08-26,12:00:00,http://en.wikipedia.org/wiki/2007_Turkish_Grand_Prix,\N,\N,\N,\N,\N,\N,\N,\N,\N,\N,58.0,58.0
48,2007,13,14,Italian Grand Prix,2007-09-09,12:00:00,http://en.wikipedia.org/wiki/2007_Italian_Grand_Prix,\N,\N,\N,\N,\N,\N,\N,\N,\N,\N,53.0,53.0
49,2007,14,13,Belgian Grand Prix,2007-09-16,12:00:00,http://en.wikipedia.org/wiki/2007_Belgian_Grand_Prix,\N,\N,\N,\N,\N,\N,\N,\N,\N,\N,44.0,44.0
50,2007,15,16,Japanese Grand Prix,2007-09-30,04:30:00,http://en.wikipedia.org/wiki/2007_Japanese_Grand_Prix,\N,\N,\N,\N,\N,\N,\N,\N,\N,\N,67.0,67.0
51,2007,16,17,Chinese Grand Prix,2007-10-07,06:00:00,http://en.wikipedia.org/wiki/2007_Chinese_Grand_Prix,\N,\N,\N,\N,\N,\N,\N,\N,\N,\N,56.0,56.0
52,2007,17,18,Brazilian Grand Prix,2007-10-21,16:00:00,http://en.wikipedia.org/wiki/2007_Brazilian_Grand_Prix,\N,\N,\N,\N,\N,\N,\N,\N,\N,\N,71.0,71.0
53,2006,1,3,Bahrain Grand Prix,2006-03-12,14:30:00,http://en.wikipedia.org/wiki/2006_Bahrain_Grand_Prix,\N,\N,\N,\N,\N,\N,\N,\N,\N,\N,57.0,57.0
54,2006,2,2,Malaysian Grand Prix,2006-03-19,15:00:00,http://en.wikipedia.org/wiki/2006_Malaysian_Grand_Prix,\N,\N,\N,\N,\N,\N,\N,\N,\N,\N,56.0,56.0
55,2006,3,1,Australian Grand Prix,2006-04-02,14:00:00,http://en.wikipedia.org/wiki/2006_Australian_Grand_Prix,\N,\N,\N,\N,\N,\N,\N,\N,\N,\N,58.0,57.0
56,2006,4,21,San Marino Grand Prix,2006-04-23,14:00:00,http://en.wikipedia.org/wiki/2006_San_Marino_Grand_Prix,\N,\N,\N,\N,\N,\N,\N,\N,\N,\N,62.0,62.0
57,2006,5,20,European Grand Prix,2006-05-07,14:00:00,http://en.wikipedia.org/wiki/2006_European_Grand_Prix,\N,\N,\N,\N,\N,\N,\N,\N,\N,\N,60.0,60.0
58,2006,6,4,Spanish Grand Prix,2006-05-14,14:00:00,http://en.wikipedia.org/wiki/2006_Spanish_Grand_Prix,\N,\N,\N,\N,\N,\N,\N,\N,\N,\N,66.0,66.0
59,2006,7,6,Monaco Grand Prix,2006-05-28,14:00:00,http://en.wikipedia.org/wiki/2006_Monaco_Grand_Prix,\N,\N,\N,\N,\N,\N,\N,\N,\N,\N,78.0,78.0
60,2006,8,9,British Grand Prix,2006-06-11,12:00:00,http://en.wikipedia.org/wiki/2006_British_Grand_Prix,\N,\N,\N,\N,\N,\N,\N,\N,\N,\N,60.0,60.0
61,2006,9,7,Canadian Grand Prix,2006-06-25,13:00:00,http://en.wikipedia.org/wiki/2006_Canadian_Grand_Prix,\N,\N,\N,\N,\N,\N,\N,\N,\N,\N,70.0,70.0
62,2006,10,19,United States Grand Prix,2006-07-02,14:00:00,http://en.wikipedia.org/wiki/2006_United_States_Grand_Prix,\N,\N,\N,\N,\N,\N,\N,\N,\N,\N,73.0,73.0
63,2006,11,8,French Grand Prix,2006-07-16,14:00:00,http://en.wikipedia.org/wiki/2006_French_Grand_Prix,\N,\N,\N,\N,\N,\N,\N,\N,\N,\N,70.0,70.0
64,2006,12,10,German Grand Prix,2006-07-30,14:00:00,http://en.wikipedia.org/wiki/2006_German_Grand_Prix,\N,\N,\N,\N,\N,\N,\N,\N,\N,\N,67.0,67.0
65,2006,13,11,Hungarian Grand Prix,2006-08-06,14:00:00,http://en.wikipedia.org/wiki/2006_Hungarian_Grand_Prix,\N,\N,\N,\N,\N,\N,\N,\N,\N,\N,70.0,70.0
66,2006,14,5,Turkish Grand Prix,2006-08-27,15:00:00,http://en.wikipedia.org/wiki/2006_Turkish_Grand_Prix,\N,\N,\N,\N,\N,\N,\N,\N,\N,\N,58.0,58.0
67,2006,15,14,Italian Grand Prix,2006-09-10,14:00:00,http://en.wikipedia.org/wiki/2006_Italian_Grand_Prix,\N,\N,\N,\N,\N,\N,\N,\N,\N,\N,53.0,53.0
68,2006,16,17,Chinese Grand Prix,2006-10-01,14:00:00,http://en.wikipedia.org/wiki/2006_Chinese_Grand_Prix,\N,\N,\N,\N,\N,\N,\N,\N,\N,\N,56.0,56.0
69,2006,17,22,Japanese Grand Prix,2006-10-08,14:00:00,http://en.wikipedia.org/wiki/2006_Japanese_Grand_Prix,\N,\N,\N,\N,\N,\N,\N,\N,\N,\N,53.0,53.0
70,2006,18,18,Brazilian Grand Prix,2006-10-22,14:00:00,http://en.wikipedia.org/wiki/2006_Brazilian_Grand_Prix,\N,\N,\N,\N,\N,\N,\N,\N,\N,\N,71.0,71.0
71,2005,1,1,Australian Grand Prix,2005-03-06,14:00:00,http://en.wikipedia.org/wiki/2005_Australian_Grand_Prix,\N,\N,\N,\N,\N,\N,\N,\N,\N,\N,58.0,57.0
72,2005,2,2,Malaysian Grand Prix,2005-03-20,15:00:00,http://en.wikipedia.org/wiki/2005_Malaysian_Grand_Prix,\N,\N,\N,\N,\N,\N,\N,\N,\N,\N,56.0,56.0
73,2005,3,3,Bahrain Grand Prix,2005-04-03,14:30:00,http://en.wikipedia.org/wiki/2005_Bahrain_Grand_Prix,\N,\N,\N,\N,\N,\N,\N,\N,\N,\N,57.0,57.0
74,2005,4,21,San Marino Grand Prix,2005-04-24,14:00:00,http://en.wikipedia.org/wiki/2005_San_Marino_Grand_Prix,\N,\N,\N,\N,\N,\N,\N,\N,\N,\N,62.0,62.0
75,2005,5,4,Spanish Grand Prix,2005-05-08,14:00:00,http://en.wikipedia.org/wiki/2005_Spanish_Grand_Prix,\N,\N,\N,\N,\N,\N,\N,\N,\N,\N,66.0,66.0
76,2005,6,6,Monaco Grand Prix,2005-05-22,14:00:00,http://en.wikipedia.org/wiki/2005_Monaco_Grand_Prix,\N,\N,\N,\N,\N,\N,\N,\N,\N,\N,78.0,78.0
77,2005,7,20,European Grand Prix,2005-05-29,14:00:00,http://en.wikipedia.org/wiki/2005_European_Grand_Prix,\N,\N,\N,\N,\N,\N,\N,\N,\N,\N,60.0,59.0
78,2005,8,7,Canadian Grand Prix,2005-06-12,13:00:00,http://en.wikipedia.org/wiki/2005_Canadian_Grand_Prix,\N,\N,\N,\N,\N,\N,\N,\N,\N,\N,70.0,70.0
79,2005,9,19,United States Grand Prix,2005-06-19,14:00:00,http://en.wikipedia.org/wiki/2005_United_States_Grand_Prix,\N,\N,\N,\N,\N,\N,\N,\N,\N,\N,73.0,73.0
80,2005,10,8,French Grand Prix,2005-07-03,14:00:00,http://en.wikipedia.org/wiki/2005_French_Grand_Prix,\N,\N,\N,\N,\N,\N,\N,\N,\N,\N,70.0,70.0
81,2005,11,9,British Grand Prix,2005-07-10,14:00:00,http://en.wikipedia.org/wiki/2005_British_Grand_Prix,\N,\N,\N,\N,\N,\N,\N,\N,\N,\N,60.0,60.0
82,2005,12,10,German Grand Prix,2005-07-24,14:00:00,http://en.wikipedia.org/wiki/2005_German_Grand_Prix,\N,\N,\N,\N,\N,\N,\N,\N,\N,\N,67.0,67.0
83,2005,13,11,Hungarian Grand Prix,2005-07-31,14:00:00,http://en.wikipedia.org/wiki/2005_Hungarian_Grand_Prix,\N,\N,\N,\N,\N,\N,\N,\N,\N,\N,70.0,70.0
84,2005,14,5,Turkish Grand Prix,2005-08-21,15:00:00,http://en.wikipedia.org/wiki/2005_Turkish_Grand_Prix,\N,\N,\N,\N,\N,\N,\N,\N,\N,\N,58.0,58.0
85,2005,15,14,Italian Grand Prix,2005-09-04,14:00:00,http://en.wikipedia.org/wiki/2005_Italian_Grand_Prix,\N,\N,\N,\N,\N,\N,\N,\N,\N,\N,53.0,53.0
86,2005,16,13,Belgian Grand Prix,2005-09-11,14:00:00,http://en.wikipedia.org/wiki/2005_Belgian_Grand_Prix,\N,\N,\N,\N,\N,\N,\N,\N,\N,\N,44.0,44.0
87,2005,17,18,Brazilian Grand Prix,2005-09-25,14:00:00,http://en.wikipedia.org/wiki/2005_Brazilian_Grand_Prix,\N,\N,\N,\N,\N,\N,\N,\N,\N,\N,71.0,71.0
88,2005,18,22,Japanese Grand Prix,2005-10-09,14:00:00,http://en.wikipedia.org/wiki/2005_Japanese_Grand_Prix,\N,\N,\N,\N,\N,\N,\N,\N,\N,\N,53.0,53.0
89,2005,19,17,Chinese Grand Prix,2005-10-16,14:00:00,http://en.wikipedia.org/wiki/2005_Chinese_Grand_Prix,\N,\N,\N,\N,\N,\N,\N,\N,\N,\N,56.0,56.0
337,2010,1,3,Bahrain Grand Prix,2010-03-14,12:00:00,http://en.wikipedia.org/wiki/2010_Bahrain_Grand_Prix,\N,\N,\N,\N,\N,\N,\N,\N,\N,\N,49.0,49.0
338,2010,2,1,Australian Grand Prix,2010-03-28,06:00:00,http://en.wikipedia.org/wiki/2010_Australian_Grand_Prix,\N,\N,\N,\N,\N,\N,\N,\N,\N,\N,58.0,58.0
339,2010,3,2,Malaysian Grand Prix,2010-04-04,08:00:00,http://en.wikipedia.org/wiki/2010_Malaysian_Grand_Prix,\N,\N,\N,\N,\N,\N,\N,\N,\N,\N,56.0,56.0
340,2010,4,17,Chinese Grand Prix,2010-04-18,06:00:00,http://en.wikipedia.org/wiki/2010_Chinese_Grand_Prix,\N,\N,\N,\N,\N,\N,\N,\N,\N,\N,56.0,56.0
341,2010,5,4,Spanish Grand Prix,2010-05-09,12:00:00,http://en.wikipedia.org/wiki/2010_Spanish_Grand_Prix,\N,\N,\N,\N,\N,\N,\N,\N,\N,\N,66.0,66.0
342,2010,6,6,Monaco Grand Prix,2010-05-16,12:00:00,http://en.wikipedia.org/wiki/2010_Monaco_Grand_Prix,\N,\N,\N,\N,\N,\N,\N,\N,\N,\N,78.0,78.0
343,2010,7,5,Turkish Grand Prix,2010-05-30,11:00:00,http://en.wikipedia.org/wiki/2010_Turkish_Grand_Prix,\N,\N,\N,\N,\N,\N,\N,\N,\N,\N,58.0,58.0
344,2010,8,7,Canadian Grand Prix,2010-06-13,16:00:00,http://en.wikipedia.org/wiki/2010_Canadian_Grand_Prix,\N,\N,\N,\N,\N,\N,\N,\N,\N,\N,70.0,70.0
345,2010,9,12,European Grand Prix,2010-06-27,12:00:00,http://en.wikipedia.org/wiki/2010_European_Grand_Prix,\N,\N,\N,\N,\N,\N,\N,\N,\N,\N,57.0,57.0
346,2010,10,9,British Grand Prix,2010-07-11,12:00:00,http://en.wikipedia.org/wiki/2010_British_Grand_Prix,\N,\N,\N,\N,\N,\N,\N,\N,\N,\N,52.0,52.0
347,2010,11,10,German Grand Prix,2010-07-25,12:00:00,http://en.wikipedia.org/wiki/2010_German_Grand_Prix,\N,\N,\N,\N,\N,\N,\N,\N,\N,\N,67.0,67.0
348,2010,12,11,Hungarian Grand Prix,2010-08-01,12:00:00,http://en.wikipedia.org/wiki/2010_Hungarian_Grand_Prix,\N,\N,\N,\N,\N,\N,\N,\N,\N,\N,70.0,70.0
349,2010,13,13,Belgian Grand Prix,2010-08-29,12:00:00,http://en.wikipedia.org/wiki/2010_Belgian_Grand_Prix,\N,\N,\N,\N,\N,\N,\N,\N,\N,\N,44.0,44.0
350,2010,14,14,Italian Grand Prix,2010-09-12,12:00:00,http://en.wikipedia.org/wiki/2010_Italian_Grand_Prix,\N,\N,\N,\N,\N,\N,\N,\N,\N,\N,53.0,53.0
351,2010,15,15,Singapore Grand Prix,2010-09-26,12:00:00,http://en.wikipedia.org/wiki/2010_Singapore_Grand_Prix,\N,\N,\N,\N,\N,\N,\N,\N,\N,\N,61.0,61.0
352,2010,16,22,Japanese Grand Prix,2010-10-10,06:00:00,http://en.wikipedia.org/wiki/2010_Japanese_Grand_Prix,\N,\N,\N,\N,\N,\N,\N,\N,\N,\N,53.0,53.0
353,2010,17,35,Korean Grand Prix,2010-10-24,05:00:00,http://en.wikipedia.org/wiki/2010_Korean_Grand_Prix,\N,\N,\N,\N,\N,\N,\N,\N,\N,\N,55.0,55.0
354,2010,18,18,Brazilian Grand Prix,2010-11-07,16:00:00,http://en.wikipedia.org/wiki/2010_Brazilian_Grand_Prix,\N,\N,\N,\N,\N,\N,\N,\N,\N,\N,71.0,71.0
355,2010,19,24,Abu Dhabi Grand Prix,2010-11-14,13:00:00,http://en.wikipedia.org/wiki/2010_Abu_Dhabi_Grand_Prix,\N,\N,\N,\N,\N,\N,\N,\N,\N,\N,55.0,55.0
841,2011,1,1,Australian Grand Prix,2011-03-27,06:00:00,http://en.wikipedia.org/wiki/2011_Australian_Grand_Prix,\N,\N,\N,\N,\N,\N,\N,\N,\N,\N,58.0,58.0
842,2011,2,2,Malaysian Grand Prix,2011-04-10,08:00:00,http://en.wikipedia.org/wiki/2011_Malaysian_Grand_Prix,\N,\N,\N,\N,\N,\N,\N,\N,\N,\N,56.0,56.0
843,2011,3,17,Chinese Grand Prix,2011-04-17,07:00:00,http://en.wikipedia.org/wiki/2011_Chinese_Grand_Prix,\N,\N,\N,\N,\N,\N,\N,\N,\N,\N,56.0,56.0
844,2011,4,5,Turkish Grand Prix,2011-05-08,12:00:00,http://en.wikipedia.org/wiki/2011_Turkish_Grand_Prix,\N,\N,\N,\N,\N,\N,\N,\N,\N,\N,58.0,58.0
845,2011,5,4,Spanish Grand Prix,2011-05-22,12:00:00,http://en.wikipedia.org/wiki/2011_Spanish_Grand_Prix,\N,\N,\N,\N,\N,\N,\N,\N,\N,\N,66.0,66.0
846,2011,6,6,Monaco Grand Prix,2011-05-29,12:00:00,http://en.wikipedia.org/wiki/2011_Monaco_Grand_Prix,\N,\N,\N,\N,\N,\N,\N,\N,\N,\N,78.0,78.0
847,2011,7,7,Canadian Grand Prix,2011-06-12,17:00:00,http://en.wikipedia.org/wiki/2011_Canadian_Grand_Prix,\N,\N,\N,\N,\N,\N,\N,\N,\N,\N,70.0,70.0
848,2011,8,12,European Grand Prix,2011-06-26,12:00:00,http://en.wikipedia.org/wiki/2011_European_Grand_Prix,\N,\N,\N,\N,\N,\N,\N,\N,\N,\N,57.0,57.0
849,2011,9,9,British Grand Prix,2011-07-10,12:00:00,http://en.wikipedia.org/wiki/2011_British_Grand_Prix,\N,\N,\N,\N,\N,\N,\N,\N,\N,\N,52.0,52.0
850,2011,10,20,German Grand Prix,2011-07-24,12:00:00,http://en.wikipedia.org/wiki/2011_German_Grand_Prix,\N,\N,\N,\N,\N,\N,\N,\N,\N,\N,60.0,60.0
851,2011,11,11,Hungarian Grand Prix,2011-07-31,12:00:00,http://en.wikipedia.org/wiki/2011_Hungarian_Grand_Prix,\N,\N,\N,\N,\N,\N,\N,\N,\N,\N,70.0,70.0
852,2011,12,13,Belgian Grand Prix,2011-08-28,12:00:00,http://en.wikipedia.org/wiki/2011_Belgian_Grand_Prix,\N,\N,\N,\N,\N,\N,\N,\N,\N,\N,44.0,44.0
853,2011,13,14,Italian Grand Prix,2011-09-11,12:00:00,http://en.wikipedia.org/wiki/2011_Italian_Grand_Prix,\N,\N,\N,\N,\N,\N,\N,\N,\N,\N,53.0,53.0
854,2011,14,15,Singapore Grand Prix,2011-09-25,12:00:00,http://en.wikipedia.org/wiki/2011_Singapore_Grand_Prix,\N,\N,\N,\N,\N,\N,\N,\N,\N,\N,61.0,61.0
855,2011,15,22,Japanese Grand Prix,2011-10-09,06:00:00,http://en.wikipedia.org/wiki/2011_Japanese_Grand_Prix,\N,\N,\N,\N,\N,\N,\N,\N,\N,\N,53.0,53.0
856,2011,16,35,Korean Grand Prix,2011-10-16,06:00:00,http://en.wikipedia.org/wiki/2011_Korean_Grand_Prix,\N,\N,\N,\N,\N,\N,\N,\N,\N,\N,55.0,55.0
857,2011,17,68,Indian Grand Prix,2011-10-30,09:30:00,http://en.wikipedia.org/wiki/2011_Indian_Grand_Prix,\N,\N,\N,\N,\N,\N,\N,\N,\N,\N,60.0,60.0
858,2011,18,24,Abu Dhabi Grand Prix,2011-11-13,13:00:00,http://en.wikipedia.org/wiki/2011_Abu_Dhabi_Grand_Prix,\N,\N,\N,\N,\N,\N,\N,\N,\N,\N,55.0,55.0
859,2011,19,18,Brazilian Grand Prix,2011-11-27,16:00:00,http://en.wikipedia.org/wiki/2011_Brazilian_Grand_Prix,\N,\N,\N,\N,\N,\N,\N,\N,\N,\N,71.0,71.0
860,2012,1,1,Australian Grand Prix,2012-03-18,06:00:00,http://en.wikipedia.org/wiki/2012_Australian_Grand_Prix,\N,\N,\N,\N,\N,\N,\N,\N,\N,\N,58.0,58.0
861,2012,2,2,Malaysian Grand Prix,2012-03-25,08:00:00,http://en.wikipedia.org/wiki/2012_Malaysian_Grand_Prix,\N,\N,\N,\N,\N,\N,\N,\N,\N,\N,56.0,56.0
862,2012,3,17,Chinese Grand Prix,2012-04-15,07:00:00,http://en.wikipedia.org/wiki/2012_Chinese_Grand_Prix,\N,\N,\N,\N,\N,\N,\N,\N,\N,\N,56.0,56.0
863,2012,4,3,Bahrain Grand Prix,2012-04-22,12:00:00,http://en.wikipedia.org/wiki/2012_Bahrain_Grand_Prix,\N,\N,\N,\N,\N,\N,\N,\N,\N,\N,57.0,57.0
864,2012,5,4,Spanish Grand Prix,2012-05-13,12:00:00,http://en.wikipedia.org/wiki/2012_Spanish_Grand_Prix,\N,\N,\N,\N,\N,\N,\N,\N,\N,\N,66.0,66.0
865,2012,6,6,Monaco Grand Prix,2012-05-27,12:00:00,http://en.wikipedia.org/wiki/2012_Monaco_Grand_Prix,\N,\N,\N,\N,\N,\N,\N,\N,\N,\N,78.0,78.0
866,2012,7,7,Canadian Grand Prix,2012-06-10,18:00:00,http://en.wikipedia.org/wiki/2012_Canadian_Grand_Prix,\N,\N,\N,\N,\N,\N,\N,\N,\N,\N,70.0,70.0
867,2012,8,12,European Grand Prix,2012-06-24,12:00:00,http://en.wikipedia.org/wiki/2012_European_Grand_Prix,\N,\N,\N,\N,\N,\N,\N,\N,\N,\N,57.0,57.0
868,2012,9,9,British Grand Prix,2012-07-08,12:00:00,http://en.wikipedia.org/wiki/2012_British_Grand_Prix,\N,\N,\N,\N,\N,\N,\N,\N,\N,\N,52.0,52.0
869,2012,10,10,German Grand Prix,2012-07-22,12:00:00,http://en.wikipedia.org/wiki/2012_German_Grand_Prix,\N,\N,\N,\N,\N,\N,\N,\N,\N,\N,67.0,67.0
870,2012,11,11,Hungarian Grand Prix,2012-07-29,12:00:00,http://en.wikipedia.org/wiki/2012_Hungarian_Grand_Prix,\N,\N,\N,\N,\N,\N,\N,\N,\N,\N,70.0,69.0
871,2012,12,13,Belgian Grand Prix,2012-09-02,12:00:00,http://en.wikipedia.org/wiki/2012_Belgian_Grand_Prix,\N,\N,\N,\N,\N,\N,\N,\N,\N,\N,44.0,44.0
872,2012,13,14,Italian Grand Prix,2012-09-09,12:00:00,http://en.wikipedia.org/wiki/2012_Italian_Grand_Prix,\N,\N,\N,\N,\N,\N,\N,\N,\N,\N,53.0,53.0
873,2012,14,15,Singapore Grand Prix,2012-09-23,12:00:00,http://en.wikipedia.org/wiki/2012_Singapore_Grand_Prix,\N,\N,\N,\N,\N,\N,\N,\N,\N,\N,61.0,59.0
874,2012,15,22,Japanese Grand Prix,2012-10-07,06:00:00,http://en.wikipedia.org/wiki/2012_Japanese_Grand_Prix,\N,\N,\N,\N,\N,\N,\N,\N,\N,\N,53.0,53.0
875,2012,16,35,Korean Grand Prix,2012-10-14,06:00:00,http://en.wikipedia.org/wiki/2012_Korean_Grand_Prix,\N,\N,\N,\N,\N,\N,\N,\N,\N,\N,55.0,55.0
876,2012,17,68,Indian Grand Prix,2012-10-28,09:30:00,http://en.wikipedia.org/wiki/2012_Indian_Grand_Prix,\N,\N,\N,\N,\N,\N,\N,\N,\N,\N,60.0,60.0
877,2012,18,24,Abu Dhabi Grand Prix,2012-11-04,13:00:00,http://en.wikipedia.org/wiki/2012_Abu_Dhabi_Grand_Prix,\N,\N,\N,\N,\N,\N,\N,\N,\N,\N,55.0,55.0
878,2012,19,69,United States Grand Prix,2012-11-18,19:00:00,http://en.wikipedia.org/wiki/2012_United_States_Grand_Prix,\N,\N,\N,\N,\N,\N,\N,\N,\N,\N,56.0,56.0
879,2012,20,18,Brazilian Grand Prix,2012-11-25,16:00:00,http://en.wikipedia.org/wiki/2012_Brazilian_Grand_Prix,\N,\N,\N,\N,\N,\N,\N,\N,\N,\N,71.0,71.0
880,2013,1,1,Australian Grand Prix,2013-03-17,06:00:00,http://en.wikipedia.org/wiki/2013_Australian_Grand_Prix,\N,\N,\N,\N,\N,\N,\N,\N,\N,\N,58.0,58.0
881,2013,2,2,Malaysian Grand Prix,2013-03-24,08:00:00,http://en.wikipedia.org/wiki/2013_Malaysian_Grand_Prix,\N,\N,\N,\N,\N,\N,\N,\N,\N,\N,56.0,56.0
882,2013,3,17,Chinese Grand Prix,2013-04-14,07:00:00,http://en.wikipedia.org/wiki/2013_Chinese_Grand_Prix,\N,\N,\N,\N,\N,\N,\N,\N,\N,\N,56.0,56.0
883,2013,4,3,Bahrain Grand Prix,2013-04-21,12:00:00,http://en.wikipedia.org/wiki/2013_Bahrain_Grand_Prix,\N,\N,\N,\N,\N,\N,\N,\N,\N,\N,57.0,57.0
884,2013,5,4,Spanish Grand Prix,2013-05-12,12:00:00,http://en.wikipedia.org/wiki/2013_Spanish_Grand_Prix,\N,\N,\N,\N,\N,\N,\N,\N,\N,\N,66.0,66.0
885,2013,6,6,Monaco Grand Prix,2013-05-26,12:00:00,http://en.wikipedia.org/wiki/2013_Monaco_Grand_Prix,\N,\N,\N,\N,\N,\N,\N,\N,\N,\N,78.0,78.0
886,2013,7,7,Canadian Grand Prix,2013-06-09,18:00:00,http://en.wikipedia.org/wiki/2013_Canadian_Grand_Prix,\N,\N,\N,\N,\N,\N,\N,\N,\N,\N,70.0,70.0
887,2013,8,9,British Grand Prix,2013-06-30,12:00:00,http://en.wikipedia.org/wiki/2013_British_Grand_Prix,\N,\N,\N,\N,\N,\N,\N,\N,\N,\N,52.0,52.0
888,2013,9,20,German Grand Prix,2013-07-07,12:00:00,http://en.wikipedia.org/wiki/2013_German_Grand_Prix,\N,\N,\N,\N,\N,\N,\N,\N,\N,\N,60.0,60.0
890,2013,10,11,Hungarian Grand Prix,2013-07-28,12:00:00,http://en.wikipedia.org/wiki/2013_Hungarian_Grand_Prix,\N,\N,\N,\N,\N,\N,\N,\N,\N,\N,70.0,70.0
891,2013,11,13,Belgian Grand Prix,2013-08-25,12:00:00,http://en.wikipedia.org/wiki/2013_Belgian_Grand_Prix,\N,\N,\N,\N,\N,\N,\N,\N,\N,\N,44.0,44.0
892,2013,12,14,Italian Grand Prix,2013-09-08,12:00:00,http://en.wikipedia.org/wiki/2013_Italian_Grand_Prix,\N,\N,\N,\N,\N,\N,\N,\N,\N,\N,53.0,53.0
893,2013,13,15,Singapore Grand Prix,2013-09-22,12:00:00,http://en.wikipedia.org/wiki/2013_Singapore_Grand_Prix,\N,\N,\N,\N,\N,\N,\N,\N,\N,\N,61.0,61.0
894,2013,14,35,Korean Grand Prix,2013-10-06,06:00:00,http://en.wikipedia.org/wiki/2013_Korean_Grand_Prix,\N,\N,\N,\N,\N,\N,\N,\N,\N,\N,55.0,55.0
895,2013,15,22,Japanese Grand Prix,2013-10-13,06:00:00,http://en.wikipedia.org/wiki/2013_Japanese_Grand_Prix,\N,\N,\N,\N,\N,\N,\N,\N,\N,\N,53.0,53.0
896,2013,16,68,Indian Grand Prix,2013-10-27,09:30:00,http://en.wikipedia.org/wiki/2013_Indian_Grand_Prix,\N,\N,\N,\N,\N,\N,\N,\N,\N,\N,60.0,60.0
897,2013,17,24,Abu Dhabi Grand Prix,2013-11-03,13:00:00,http://en.wikipedia.org/wiki/2013_Abu_Dhabi_Grand_Prix,\N,\N,\N,\N,\N,\N,\N,\N,\N,\N,55.0,55.0
898,2013,18,69,United States Grand Prix,2013-11-17,19:00:00,http://en.wikipedia.org/wiki/2013_United_States_Grand_Prix,\N,\N,\N,\N,\N,\N,\N,\N,\N,\N,56.0,56.0
899,2013,19,18,Brazilian Grand Prix,2013-11-24,16:00:00,http://en.wikipedia.org/wiki/2013_Brazilian_Grand_Prix,\N,\N,\N,\N,\N,\N,\N,\N,\N,\N,71.0,71.0
900,2014,1,1,Australian Grand Prix,2014-03-16,06:00:00,http://en.wikipedia.org/wiki/2014_Australian_Grand_Prix,\N,\N,\N,\N,\N,\N,\N,\N,\N,\N,58.0,57.0
901,2014,2,2,Malaysian Grand Prix,2014-03-30,08:00:00,http://en.wikipedia.org/wiki/2014_Malaysian_Grand_Prix,\N,\N,\N,\N,\N,\N,\N,\N,\N,\N,56.0,56.0
902,2014,3,3,Bahrain Grand Prix,2014-04-06,15:00:00,http://en.wikipedia.org/wiki/2014_Bahrain_Grand_Prix,\N,\N,\N,\N,\N,\N,\N,\N,\N,\N,57.0,57.0
903,2014,4,17,Chinese Grand Prix,2014-04-20,07:00:00,http://en.wikipedia.org/wiki/2014_Chinese_Grand_Prix,\N,\N,\N,\N,\N,\N,\N,\N,\N,\N,56.0,54.0
904,2014,5,4,Spanish Grand Prix,2014-05-11,12:00:00,http://en.wikipedia.org/wiki/2014_Spanish_Grand_Prix,\N,\N,\N,\N,\N,\N,\N,\N,\N,\N,66.0,66.0
905,2014,6,6,Monaco Grand Prix,2014-05-25,12:00:00,http://en.wikipedia.org/wiki/2014_Monaco_Grand_Prix,\N,\N,\N,\N,\N,\N,\N,\N,\N,\N,78.0,78.0
906,2014,7,7,Canadian Grand Prix,2014-06-08,18:00:00,http://en.wikipedia.org/wiki/2014_Canadian_Grand_Prix,\N,\N,\N,\N,\N,\N,\N,\N,\N,\N,70.0,70.0
907,2014,8,70,Austrian Grand Prix,2014-06-22,12:00:00,http://en.wikipedia.org/wiki/2014_Austrian_Grand_Prix,\N,\N,\N,\N,\N,\N,\N,\N,\N,\N,71.0,71.0
908,2014,9,9,British Grand Prix,2014-07-06,12:00:00,http://en.wikipedia.org/wiki/2014_British_Grand_Prix,\N,\N,\N,\N,\N,\N,\N,\N,\N,\N,52.0,52.0
909,2014,10,10,German Grand Prix,2014-07-20,12:00:00,http://en.wikipedia.org/wiki/2014_German_Grand_Prix,\N,\N,\N,\N,\N,\N,\N,\N,\N,\N,67.0,67.0
910,2014,11,11,Hungarian Grand Prix,2014-07-27,12:00:00,http://en.wikipedia.org/wiki/2014_Hungarian_Grand_Prix,\N,\N,\N,\N,\N,\N,\N,\N,\N,\N,70.0,70.0
911,2014,12,13,Belgian Grand Prix,2014-08-24,12:00:00,http://en.wikipedia.org/wiki/2014_Belgian_Grand_Prix,\N,\N,\N,\N,\N,\N,\N,\N,\N,\N,44.0,44.0
912,2014,13,14,Italian Grand Prix,2014-09-07,12:00:00,http://en.wikipedia.org/wiki/2014_Italian_Grand_Prix,\N,\N,\N,\N,\N,\N,\N,\N,\N,\N,53.0,53.0
913,2014,14,15,Singapore Grand Prix,2014-09-21,12:00:00,http://en.wikipedia.org/wiki/2014_Singapore_Grand_Prix,\N,\N,\N,\N,\N,\N,\N,\N,\N,\N,61.0,60.0
914,2014,15,22,Japanese Grand Prix,2014-10-05,06:00:00,http://en.wikipedia.org/wiki/2014_Japanese_Grand_Prix,\N,\N,\N,\N,\N,\N,\N,\N,\N,\N,53.0,44.0
915,2014,16,71,Russian Grand Prix,2014-10-12,11:00:00,http://en.wikipedia.org/wiki/2014_Russian_Grand_Prix,\N,\N,\N,\N,\N,\N,\N,\N,\N,\N,53.0,53.0
916,2014,17,69,United States Grand Prix,2014-11-02,20:00:00,http://en.wikipedia.org/wiki/2014_United_States_Grand_Prix,\N,\N,\N,\N,\N,\N,\N,\N,\N,\N,56.0,56.0
917,2014,18,18,Brazilian Grand Prix,2014-11-09,16:00:00,http://en.wikipedia.org/wiki/2014_Brazilian_Grand_Prix,\N,\N,\N,\N,\N,\N,\N,\N,\N,\N,71.0,71.0
918,2014,19,24,Abu Dhabi Grand Prix,2014-11-23,13:00:00,http://en.wikipedia.org/wiki/2014_Abu_Dhabi_Grand_Prix,\N,\N,\N,\N,\N,\N,\N,\N,\N,\N,55.0,55.0
931,2015,6,6,Monaco Grand Prix,2015-05-24,12:00:00,http://en.wikipedia.org/wiki/2015_Monaco_Grand_Prix,\N,\N,\N,\N,\N,\N,\N,\N,\N,\N,78.0,78.0
932,2015,7,7,Canadian Grand Prix,2015-06-07,18:00:00,http://en.wikipedia.org/wiki/2015_Canadian_Grand_Prix,\N,\N,\N,\N,\N,\N,\N,\N,\N,\N,70.0,70.0
929,2015,4,3,Bahrain Grand Prix,2015-04-19,15:00:00,http://en.wikipedia.org/wiki/2015_Bahrain_Grand_Prix,\N,\N,\N,\N,\N,\N,\N,\N,\N,\N,57.0,57.0
930,2015,5,4,Spanish Grand Prix,2015-05-10,12:00:00,http://en.wikipedia.org/wiki/2015_Spanish_Grand_Prix,\N,\N,\N,\N,\N,\N,\N,\N,\N,\N,66.0,66.0
928,2015,3,17,Chinese Grand Prix,2015-04-12,06:00:00,http://en.wikipedia.org/wiki/2015_Chinese_Grand_Prix,\N,\N,\N,\N,\N,\N,\N,\N,\N,\N,56.0,56.0
926,2015,1,1,Australian Grand Prix,2015-03-15,05:00:00,http://en.wikipedia.org/wiki/2015_Australian_Grand_Prix,\N,\N,\N,\N,\N,\N,\N,\N,\N,\N,58.0,58.0
927,2015,2,2,Malaysian Grand Prix,2015-03-29,07:00:00,http://en.wikipedia.org/wiki/2015_Malaysian_Grand_Prix,\N,\N,\N,\N,\N,\N,\N,\N,\N,\N,56.0,56.0
933,2015,8,70,Austrian Grand Prix,2015-06-21,12:00:00,http://en.wikipedia.org/wiki/2015_Austrian_Grand_Prix,\N,\N,\N,\N,\N,\N,\N,\N,\N,\N,71.0,71.0
934,2015,9,9,British Grand Prix,2015-07-05,12:00:00,http://en.wikipedia.org/wiki/2015_British_Grand_Prix,\N,\N,\N,\N,\N,\N,\N,\N,\N,\N,52.0,52.0
936,2015,10,11,Hungarian Grand Prix,2015-07-26,12:00:00,http://en.wikipedia.org/wiki/2015_Hungarian_Grand_Prix,\N,\N,\N,\N,\N,\N,\N,\N,\N,\N,70.0,69.0
937,2015,11,13,Belgian Grand Prix,2015-08-23,12:00:00,http://en.wikipedia.org/wiki/2015_Belgian_Grand_Prix,\N,\N,\N,\N,\N,\N,\N,\N,\N,\N,44.0,43.0
938,2015,12,14,Italian Grand Prix,2015-09-06,12:00:00,http://en.wikipedia.org/wiki/2015_Italian_Grand_Prix,\N,\N,\N,\N,\N,\N,\N,\N,\N,\N,53.0,53.0
939,2015,13,15,Singapore Grand Prix,2015-09-20,12:00:00,http://en.wikipedia.org/wiki/2015_Singapore_Grand_Prix,\N,\N,\N,\N,\N,\N,\N,\N,\N,\N,61.0,61.0
940,2015,14,22,Japanese Grand Prix,2015-09-27,05:00:00,http://en.wikipedia.org/wiki/2015_Japanese_Grand_Prix,\N,\N,\N,\N,\N,\N,\N,\N,\N,\N,53.0,53.0
941,2015,15,71,Russian Grand Prix,2015-10-11,11:00:00,http://en.wikipedia.org/wiki/2015_Russian_Grand_Prix,\N,\N,\N,\N,\N,\N,\N,\N,\N,\N,53.0,53.0
942,2015,16,69,United States Grand Prix,2015-10-25,19:00:00,http://en.wikipedia.org/wiki/2015_United_States_Grand_Prix,\N,\N,\N,\N,\N,\N,\N,\N,\N,\N,56.0,56.0
943,2015,17,32,Mexican Grand Prix,2015-11-01,19:00:00,http://en.wikipedia.org/wiki/2015_Mexican_Grand_Prix,\N,\N,\N,\N,\N,\N,\N,\N,\N,\N,71.0,71.0
944,2015,18,18,Brazilian Grand Prix,2015-11-15,16:00:00,http://en.wikipedia.org/wiki/2015_Brazilian_Grand_Prix,\N,\N,\N,\N,\N,\N,\N,\N,\N,\N,71.0,71.0
945,2015,19,24,Abu Dhabi Grand Prix,2015-11-29,13:00:00,http://en.wikipedia.org/wiki/2015_Abu_Dhabi_Grand_Prix,\N,\N,\N,\N,\N,\N,\N,\N,\N,\N,55.0,55.0
948,2016,1,1,Australian Grand Prix,2016-03-20,05:00:00,http://en.wikipedia.org/wiki/2016_Australian_Grand_Prix,\N,\N,\N,\N,\N,\N,\N,\N,\N,\N,58.0,57.0
949,2016,2,3,Bahrain Grand Prix,2016-04-03,15:00:00,http://en.wikipedia.org/wiki/2016_Bahrain_Grand_Prix,\N,\N,\N,\N,\N,\N,\N,\N,\N,\N,57.0,57.0
950,2016,3,17,Chinese Grand Prix,2016-04-17,06:00:00,http://en.wikipedia.org/wiki/2016_Chinese_Grand_Prix,\N,\N,\N,\N,\N,\N,\N,\N,\N,\N,56.0,56.0
951,2016,4,71,Russian Grand Prix,2016-05-01,12:00:00,http://en.wikipedia.org/wiki/2016_Russian_Grand_Prix,\N,\N,\N,\N,\N,\N,\N,\N,\N,\N,53.0,53.0
952,2016,5,4,Spanish Grand Prix,2016-05-15,12:00:00,http://en.wikipedia.org/wiki/2016_Spanish_Grand_Prix,\N,\N,\N,\N,\N,\N,\N,\N,\N,\N,66.0,66.0
953,2016,6,6,Monaco Grand Prix,2016-05-29,12:00:00,http://en.wikipedia.org/wiki/2016_Monaco_Grand_Prix,\N,\N,\N,\N,\N,\N,\N,\N,\N,\N,78.0,78.0
954,2016,7,7,Canadian Grand Prix,2016-06-12,18:00:00,http://en.wikipedia.org/wiki/2016_Canadian_Grand_Prix,\N,\N,\N,\N,\N,\N,\N,\N,\N,\N,70.0,70.0
955,2016,8,73,European Grand Prix,2016-06-19,13:00:00,http://en.wikipedia.org/wiki/2016_European_Grand_Prix,\N,\N,\N,\N,\N,\N,\N,\N,\N,\N,51.0,51.0
956,2016,9,70,Austrian Grand Prix,2016-07-03,12:00:00,http://en.wikipedia.org/wiki/2016_Austrian_Grand_Prix,\N,\N,\N,\N,\N,\N,\N,\N,\N,\N,71.0,71.0
957,2016,10,9,British Grand Prix,2016-07-10,12:00:00,http://en.wikipedia.org/wiki/2016_British_Grand_Prix,\N,\N,\N,\N,\N,\N,\N,\N,\N,\N,52.0,52.0
958,2016,11,11,Hungarian Grand Prix,2016-07-24,12:00:00,http://en.wikipedia.org/wiki/2016_Hungarian_Grand_Prix,\N,\N,\N,\N,\N,\N,\N,\N,\N,\N,70.0,70.0
959,2016,12,10,German Grand Prix,2016-07-31,12:00:00,http://en.wikipedia.org/wiki/2016_German_Grand_Prix,\N,\N,\N,\N,\N,\N,\N,\N,\N,\N,67.0,67.0
960,2016,13,13,Belgian Grand Prix,2016-08-28,12:00:00,http://en.wikipedia.org/wiki/2016_Belgian_Grand_Prix,\N,\N,\N,\N,\N,\N,\N,\N,\N,\N,44.0,44.0
961,2016,14,14,Italian Grand Prix,2016-09-04,12:00:00,http://en.wikipedia.org/wiki/2016_Italian_Grand_Prix,\N,\N,\N,\N,\N,\N,\N,\N,\N,\N,53.0,53.0
962,2016,15,15,Singapore Grand Prix,2016-09-18,12:00:00,http://en.wikipedia.org/wiki/2016_Singapore_Grand_Prix,\N,\N,\N,\N,\N,\N,\N,\N,\N,\N,61.0,61.0
963,2016,16,2,Malaysian Grand Prix,2016-10-02,07:00:00,http://en.wikipedia.org/wiki/2016_Malaysian_Grand_Prix,\N,\N,\N,\N,\N,\N,\N,\N,\N,\N,56.0,56.0
964,2016,17,22,Japanese Grand Prix,2016-10-09,05:00:00,http://en.wikipedia.org/wiki/2016_Japanese_Grand_Prix,\N,\N,\N,\N,\N,\N,\N,\N,\N,\N,53.0,53.0
965,2016,18,69,United States Grand Prix,2016-10-23,19:00:00,http://en.wikipedia.org/wiki/2016_United_States_Grand_Prix,\N,\N,\N,\N,\N,\N,\N,\N,\N,\N,56.0,56.0
966,2016,19,32,Mexican Grand Prix,2016-10-30,19:00:00,http://en.wikipedia.org/wiki/2016_Mexican_Grand_Prix,\N,\N,\N,\N,\N,\N,\N,\N,\N,\N,71.0,71.0
967,2016,20,18,Brazilian Grand Prix,2016-11-13,16:00:00,http://en.wikipedia.org/wiki/2016_Brazilian_Grand_Prix,\N,\N,\N,\N,\N,\N,\N,\N,\N,\N,71.0,71.0
968,2016,21,24,Abu Dhabi Grand Prix,2016-11-27,13:00:00,http://en.wikipedia.org/wiki/2016_Abu_Dhabi_Grand_Prix,\N,\N,\N,\N,\N,\N,\N,\N,\N,\N,55.0,55.0
969,2017,1,1,Australian Grand Prix,2017-03-26,05:00:00,http://en.wikipedia.org/wiki/2017_Australian_Grand_Prix,\N,\N,\N,\N,\N,\N,\N,\N,\N,\N,58.0,57.0
970,2017,2,17,Chinese Grand Prix,2017-04-09,06:00:00,http://en.wikipedia.org/wiki/2017_Chinese_Grand_Prix,\N,\N,\N,\N,\N,\N,\N,\N,\N,\N,56.0,56.0
971,2017,3,3,Bahrain Grand Prix,2017-04-16,15:00:00,http://en.wikipedia.org/wiki/2017_Bahrain_Grand_Prix,\N,\N,\N,\N,\N,\N,\N,\N,\N,\N,57.0,57.0
972,2017,4,71,Russian Grand Prix,2017-04-30,12:00:00,http://en.wikipedia.org/wiki/2017_Russian_Grand_Prix,\N,\N,\N,\N,\N,\N,\N,\N,\N,\N,53.0,52.0
973,2017,5,4,Spanish Grand Prix,2017-05-14,12:00:00,http://en.wikipedia.org/wiki/2017_Spanish_Grand_Prix,\N,\N,\N,\N,\N,\N,\N,\N,\N,\N,66.0,66.0
974,2017,6,6,Monaco Grand Prix,2017-05-28,12:00:00,http://en.wikipedia.org/wiki/2017_Monaco_Grand_Prix,\N,\N,\N,\N,\N,\N,\N,\N,\N,\N,78.0,78.0
975,2017,7,7,Canadian Grand Prix,2017-06-11,18:00:00,http://en.wikipedia.org/wiki/2017_Canadian_Grand_Prix,\N,\N,\N,\N,\N,\N,\N,\N,\N,\N,70.0,70.0
976,2017,8,73,Azerbaijan Grand Prix,2017-06-25,13:00:00,http://en.wikipedia.org/wiki/2017_Azerbaijan_Grand_Prix,\N,\N,\N,\N,\N,\N,\N,\N,\N,\N,51.0,51.0
977,2017,9,70,Austrian Grand Prix,2017-07-09,12:00:00,http://en.wikipedia.org/wiki/2017_Austrian_Grand_Prix,\N,\N,\N,\N,\N,\N,\N,\N,\N,\N,71.0,71.0
978,2017,10,9,British Grand Prix,2017-07-16,12:00:00,http://en.wikipedia.org/wiki/2017_British_Grand_Prix,\N,\N,\N,\N,\N,\N,\N,\N,\N,\N,52.0,51.0
979,2017,11,11,Hungarian Grand Prix,2017-07-30,12:00:00,http://en.wikipedia.org/wiki/2017_Hungarian_Grand_Prix,\N,\N,\N,\N,\N,\N,\N,\N,\N,\N,70.0,70.0
980,2017,12,13,Belgian Grand Prix,2017-08-27,12:00:00,http://en.wikipedia.org/wiki/2017_Belgian_Grand_Prix,\N,\N,\N,\N,\N,\N,\N,\N,\N,\N,44.0,44.0
981,2017,13,14,Italian Grand Prix,2017-09-03,12:00:00,http://en.wikipedia.org/wiki/2017_Italian_Grand_Prix,\N,\N,\N,\N,\N,\N,\N,\N,\N,\N,53.0,53.0
982,2017,14,15,Singapore Grand Prix,2017-09-17,12:00:00,http://en.wikipedia.org/wiki/2017_Singapore_Grand_Prix,\N,\N,\N,\N,\N,\N,\N,\N,\N,\N,61.0,58.0
983,2017,15,2,Malaysian Grand Prix,2017-10-01,07:00:00,http://en.wikipedia.org/wiki/2017_Malaysian_Grand_Prix,\N,\N,\N,\N,\N,\N,\N,\N,\N,\N,56.0,56.0
984,2017,16,22,Japanese Grand Prix,2017-10-08,05:00:00,http://en.wikipedia.org/wiki/2017_Japanese_Grand_Prix,\N,\N,\N,\N,\N,\N,\N,\N,\N,\N,53.0,53.0
985,2017,17,69,United States Grand Prix,2017-10-22,19:00:00,http://en.wikipedia.org/wiki/2017_United_States_Grand_Prix,\N,\N,\N,\N,\N,\N,\N,\N,\N,\N,56.0,56.0
986,2017,18,32,Mexican Grand Prix,2017-10-29,19:00:00,http://en.wikipedia.org/wiki/2017_Mexican_Grand_Prix,\N,\N,\N,\N,\N,\N,\N,\N,\N,\N,71.0,71.0
987,2017,19,18,Brazilian Grand Prix,2017-11-12,16:00:00,http://en.wikipedia.org/wiki/2017_Brazilian_Grand_Prix,\N,\N,\N,\N,\N,\N,\N,\N,\N,\N,71.0,71.0
988,2017,20,24,Abu Dhabi Grand Prix,2017-11-26,13:00:00,http://en.wikipedia.org/wiki/2017_Abu_Dhabi_Grand_Prix,\N,\N,\N,\N,\N,\N,\N,\N,\N,\N,55.0,55.0
989,2018,1,1,Australian Grand Prix,2018-03-25,05:10:00,http://en.wikipedia.org/wiki/2018_Australian_Grand_Prix,\N,\N,\N,\N,\N,\N,\N,\N,\N,\N,58.0,58.0
990,2018,2,3,Bahrain Grand Prix,2018-04-08,15:10:00,http://en.wikipedia.org/wiki/2018_Bahrain_Grand_Prix,\N,\N,\N,\N,\N,\N,\N,\N,\N,\N,57.0,57.0
991,2018,3,17,Chinese Grand Prix,2018-04-15,06:10:00,http://en.wikipedia.org/wiki/2018_Chinese_Grand_Prix,\N,\N,\N,\N,\N,\N,\N,\N,\N,\N,56.0,56.0
992,2018,4,73,Azerbaijan Grand Prix,2018-04-29,12:10:00,http://en.wikipedia.org/wiki/2018_Azerbaijan_Grand_Prix,\N,\N,\N,\N,\N,\N,\N,\N,\N,\N,51.0,51.0
993,2018,5,4,Spanish Grand Prix,2018-05-13,13:10:00,http://en.wikipedia.org/wiki/2018_Spanish_Grand_Prix,\N,\N,\N,\N,\N,\N,\N,\N,\N,\N,66.0,66.0
994,2018,6,6,Monaco Grand Prix,2018-05-27,13:10:00,http://en.wikipedia.org/wiki/2018_Monaco_Grand_Prix,\N,\N,\N,\N,\N,\N,\N,\N,\N,\N,78.0,78.0
995,2018,7,7,Canadian Grand Prix,2018-06-10,18:10:00,http://en.wikipedia.org/wiki/2018_Canadian_Grand_Prix,\N,\N,\N,\N,\N,\N,\N,\N,\N,\N,70.0,68.0
996,2018,8,34,French Grand Prix,2018-06-24,14:10:00,http://en.wikipedia.org/wiki/2018_French_Grand_Prix,\N,\N,\N,\N,\N,\N,\N,\N,\N,\N,53.0,53.0
997,2018,9,70,Austrian Grand Prix,2018-07-01,13:10:00,http://en.wikipedia.org/wiki/2018_Austrian_Grand_Prix,\N,\N,\N,\N,\N,\N,\N,\N,\N,\N,71.0,71.0
998,2018,10,9,British Grand Prix,2018-07-08,13:10:00,http://en.wikipedia.org/wiki/2018_British_Grand_Prix,\N,\N,\N,\N,\N,\N,\N,\N,\N,\N,52.0,52.0
999,2018,11,10,German Grand Prix,2018-07-22,13:10:00,http://en.wikipedia.org/wiki/2018_German_Grand_Prix,\N,\N,\N,\N,\N,\N,\N,\N,\N,\N,67.0,67.0
1000,2018,12,11,Hungarian Grand Prix,2018-07-29,13:10:00,http://en.wikipedia.org/wiki/2018_Hungarian_Grand_Prix,\N,\N,\N,\N,\N,\N,\N,\N,\N,\N,70.0,70.0
1001,2018,13,13,Belgian Grand Prix,2018-08-26,13:10:00,http://en.wikipedia.org/wiki/2018_Belgian_Grand_Prix,\N,\N,\N,\N,\N,\N,\N,\N,\N,\N,44.0,44.0
1002,2018,14,14,Italian Grand Prix,2018-09-02,13:10:00,http://en.wikipedia.org/wiki/2018_Italian_Grand_Prix,\N,\N,\N,\N,\N,\N,\N,\N,\N,\N,53.0,53.0
1003,2018,15,15,Singapore Grand Prix,2018-09-16,12:10:00,http://en.wikipedia.org/wiki/2018_Singapore_Grand_Prix,\N,\N,\N,\N,\N,\N,\N,\N,\N,\N,61.0,61.0
1004,2018,16,71,Russian Grand Prix,2018-09-30,11:10:00,http://en.wikipedia.org/wiki/2018_Russian_Grand_Prix,\N,\N,\N,\N,\N,\N,\N,\N,\N,\N,53.0,53.0
1005,2018,17,22,Japanese Grand Prix,2018-10-07,05:10:00,http://en.wikipedia.org/wiki/2018_Japanese_Grand_Prix,\N,\N,\N,\N,\N,\N,\N,\N,\N,\N,53.0,53.0
1006,2018,18,69,United States Grand Prix,2018-10-21,18:10:00,http://en.wikipedia.org/wiki/2018_United_States_Grand_Prix,\N,\N,\N,\N,\N,\N,\N,\N,\N,\N,56.0,56.0
1007,2018,19,32,Mexican Grand Prix,2018-10-28,19:10:00,http://en.wikipedia.org/wiki/2018_Mexican_Grand_Prix,\N,\N,\N,\N,\N,\N,\N,\N,\N,\N,71.0,71.0
1008,2018,20,18,Brazilian Grand Prix,2018-11-11,17:10:00,http://en.wikipedia.org/wiki/2018_Brazilian_Grand_Prix,\N,\N,\N,\N,\N,\N,\N,\N,\N,\N,71.0,71.0
1009,2018,21,24,Abu Dhabi Grand Prix,2018-11-25,13:10:00,http://en.wikipedia.org/wiki/2018_Abu_Dhabi_Grand_Prix,\N,\N,\N,\N,\N,\N,\N,\N,\N,\N,55.0,55.0
1010,2019,1,1,Australian Grand Prix,2019-03-17,05:10:00,http://en.wikipedia.org/wiki/2019_Australian_Grand_Prix,\N,\N,\N,\N,\N,\N,\N,\N,\N,\N,58.0,58.0
1011,2019,2,3,Bahrain Grand Prix,2019-03-31,15:10:00,http://en.wikipedia.org/wiki/2019_Bahrain_Grand_Prix,\N,\N,\N,\N,\N,\N,\N,\N,\N,\N,57.0,57.0
1012,2019,3,17,Chinese Grand Prix,2019-04-14,06:10:00,http://en.wikipedia.org/wiki/2019_Chinese_Grand_Prix,\N,\N,\N,\N,\N,\N,\N,\N,\N,\N,56.0,56.0
1013,2019,4,73,Azerbaijan Grand Prix,2019-04-28,12:10:00,http://en.wikipedia.org/wiki/2019_Azerbaijan_Grand_Prix,\N,\N,\N,\N,\N,\N,\N,\N,\N,\N,51.0,51.0
1014,2019,5,4,Spanish Grand Prix,2019-05-12,13:10:00,http://en.wikipedia.org/wiki/2019_Spanish_Grand_Prix,\N,\N,\N,\N,\N,\N,\N,\N,\N,\N,66.0,66.0
1015,2019,6,6,Monaco Grand Prix,2019-05-26,13:10:00,http://en.wikipedia.org/wiki/2019_Monaco_Grand_Prix,\N,\N,\N,\N,\N,\N,\N,\N,\N,\N,78.0,78.0
1016,2019,7,7,Canadian Grand Prix,2019-06-09,18:10:00,http://en.wikipedia.org/wiki/2019_Canadian_Grand_Prix,\N,\N,\N,\N,\N,\N,\N,\N,\N,\N,70.0,70.0
1017,2019,8,34,French Grand Prix,2019-06-23,13:10:00,http://en.wikipedia.org/wiki/2019_French_Grand_Prix,\N,\N,\N,\N,\N,\N,\N,\N,\N,\N,53.0,53.0
1018,2019,9,70,Austrian Grand Prix,2019-06-30,13:10:00,http://en.wikipedia.org/wiki/2019_Austrian_Grand_Prix,\N,\N,\N,\N,\N,\N,\N,\N,\N,\N,71.0,71.0
1019,2019,10,9,British Grand Prix,2019-07-14,13:10:00,http://en.wikipedia.org/wiki/2019_British_Grand_Prix,\N,\N,\N,\N,\N,\N,\N,\N,\N,\N,52.0,52.0
1020,2019,11,10,German Grand Prix,2019-07-28,13:10:00,http://en.wikipedia.org/wiki/2019_German_Grand_Prix,\N,\N,\N,\N,\N,\N,\N,\N,\N,\N,67.0,64.0
1021,2019,12,11,Hungarian Grand Prix,2019-08-04,13:10:00,http://en.wikipedia.org/wiki/2019_Hungarian_Grand_Prix,\N,\N,\N,\N,\N,\N,\N,\N,\N,\N,70.0,70.0
1022,2019,13,13,Belgian Grand Prix,2019-09-01,13:10:00,http://en.wikipedia.org/wiki/2019_Belgian_Grand_Prix,\N,\N,\N,\N,\N,\N,\N,\N,\N,\N,44.0,44.0
1023,2019,14,14,Italian Grand Prix,2019-09-08,13:10:00,http://en.wikipedia.org/wiki/2019_Italian_Grand_Prix,\N,\N,\N,\N,\N,\N,\N,\N,\N,\N,53.0,53.0
1024,2019,15,15,Singapore Grand Prix,2019-09-22,12:10:00,http://en.wikipedia.org/wiki/2019_Singapore_Grand_Prix,\N,\N,\N,\N,\N,\N,\N,\N,\N,\N,61.0,61.0
1025,2019,16,71,Russian Grand Prix,2019-09-29,11:10:00,http://en.wikipedia.org/wiki/2019_Russian_Grand_Prix,\N,\N,\N,\N,\N,\N,\N,\N,\N,\N,53.0,53.0
1026,2019,17,22,Japanese Grand Prix,2019-10-13,05:10:00,http://en.wikipedia.org/wiki/2019_Japanese_Grand_Prix,\N,\N,\N,\N,\N,\N,\N,\N,\N,\N,53.0,52.0
1027,2019,18,32,Mexican Grand Prix,2019-10-27,19:10:00,http://en.wikipedia.org/wiki/2019_Mexican_Grand_Prix,\N,\N,\N,\N,\N,\N,\N,\N,\N,\N,71.0,71.0
1028,2019,19,69,United States Grand Prix,2019-11-03,19:10:00,http://en.wikipedia.org/wiki/2019_United_States_Grand_Prix,\N,\N,\N,\N,\N,\N,\N,\N,\N,\N,56.0,56.0
1029,2019,20,18,Brazilian Grand Prix,2019-11-17,17:10:00,http://en.wikipedia.org/wiki/2019_Brazilian_Grand_Prix,\N,\N,\N,\N,\N,\N,\N,\N,\N,\N,71.0,71.0
1030,2019,21,24,Abu Dhabi Grand Prix,2019-12-01,13:10:00,http://en.wikipedia.org/wiki/2019_Abu_Dhabi_Grand_Prix,\N,\N,\N,\N,\N,\N,\N,\N,\N,\N,55.0,55.0
1031,2020,1,70,Austrian Grand Prix,2020-07-05,13:10:00,http://en.wikipedia.org/wiki/2020_Austrian_Grand_Prix,\N,\N,\N,\N,\N,\N,\N,\N,\N,\N,71.0,71.0
1032,2020,2,70,Styrian Grand Prix,2020-07-12,13:10:00,http://en.wikipedia.org/wiki/2020_Styrian_Grand_Prix,\N,\N,\N,\N,\N,\N,\N,\N,\N,\N,71.0,71.0
1033,2020,3,11,Hungarian Grand Prix,2020-07-19,13:10:00,http://en.wikipedia.org/wiki/2020_Hungarian_Grand_Prix,\N,\N,\N,\N,\N,\N,\N,\N,\N,\N,70.0,70.0
1034,2020,4,9,British Grand Prix,2020-08-02,13:10:00,http://en.wikipedia.org/wiki/2020_British_Grand_Prix,\N,\N,\N,\N,\N,\N,\N,\N,\N,\N,52.0,52.0
1035,2020,5,9,70th Anniversary Grand Prix,2020-08-09,13:10:00,http://en.wikipedia.org/wiki/70th_Anniversary_Grand_Prix,\N,\N,\N,\N,\N,\N,\N,\N,\N,\N,52.0,52.0
1036,2020,6,4,Spanish Grand Prix,2020-08-16,13:10:00,http://en.wikipedia.org/wiki/2020_Spanish_Grand_Prix,\N,\N,\N,\N,\N,\N,\N,\N,\N,\N,66.0,66.0
1037,2020,7,13,Belgian Grand Prix,2020-08-30,13:10:00,http://en.wikipedia.org/wiki/2020_Belgian_Grand_Prix,\N,\N,\N,\N,\N,\N,\N,\N,\N,\N,44.0,44.0
1038,2020,8,14,Italian Grand Prix,2020-09-06,13:10:00,http://en.wikipedia.org/wiki/2020_Italian_Grand_Prix,\N,\N,\N,\N,\N,\N,\N,\N,\N,\N,53.0,53.0
1039,2020,9,76,Tuscan Grand Prix,2020-09-13,13:10:00,http://en.wikipedia.org/wiki/2020_Tuscan_Grand_Prix,\N,\N,\N,\N,\N,\N,\N,\N,\N,\N,59.0,59.0
1040,2020,10,71,Russian Grand Prix,2020-09-27,11:10:00,http://en.wikipedia.org/wiki/2020_Russian_Grand_Prix,\N,\N,\N,\N,\N,\N,\N,\N,\N,\N,53.0,53.0
1041,2020,11,20,Eifel Grand Prix,2020-10-11,13:10:00,http://en.wikipedia.org/wiki/2020_Eifel_Grand_Prix,\N,\N,\N,\N,\N,\N,\N,\N,\N,\N,60.0,60.0
1042,2020,12,75,Portuguese Grand Prix,2020-10-25,12:10:00,http://en.wikipedia.org/wiki/2020_Portuguese_Grand_Prix,\N,\N,\N,\N,\N,\N,\N,\N,\N,\N,66.0,66.0
1043,2020,13,21,Emilia Romagna Grand Prix,2020-11-01,12:10:00,http://en.wikipedia.org/wiki/2020_Emilia_Romagna_Grand_Prix,\N,\N,\N,\N,\N,\N,\N,\N,\N,\N,63.0,63.0
1044,2020,14,5,Turkish Grand Prix,2020-11-15,10:10:00,http://en.wikipedia.org/wiki/2020_Turkish_Grand_Prix,\N,\N,\N,\N,\N,\N,\N,\N,\N,\N,58.0,58.0
1045,2020,15,3,Bahrain Grand Prix,2020-11-29,14:10:00,http://en.wikipedia.org/wiki/2020_Bahrain_Grand_Prix,\N,\N,\N,\N,\N,\N,\N,\N,\N,\N,57.0,57.0
1046,2020,16,3,Sakhir Grand Prix,2020-12-06,17:10:00,http://en.wikipedia.org/wiki/2020_Sakhir_Grand_Prix,\N,\N,\N,\N,\N,\N,\N,\N,\N,\N,87.0,87.0
1047,2020,17,24,Abu Dhabi Grand Prix,2020-12-13,13:10:00,http://en.wikipedia.org/wiki/2020_Abu_Dhabi_Grand_Prix,\N,\N,\N,\N,\N,\N,\N,\N,\N,\N,55.0,55.0
1053,2021,2,21,Emilia Romagna Grand Prix,2021-04-18,13:00:00,http://en.wikipedia.org/wiki/2021_Emilia_Romagna_Grand_Prix,2021-04-16,\N,2021-04-16,\N,2021-04-17,\N,2021-04-17,\N,\N,\N,63.0,63.0
1074,2022,1,3,Bahrain Grand Prix,2022-03-20,15:00:00,http://en.wikipedia.org/wiki/2022_Bahrain_Grand_Prix,2022-03-18,12:00:00,2022-03-18,15:00:00,2022-03-19,12:00:00,2022-03-19,15:00:00,\N,\N,57.0,57.0
1052,2021,1,3,Bahrain Grand Prix,2021-03-28,15:00:00,http://en.wikipedia.org/wiki/2021_Bahrain_Grand_Prix,2021-03-26,\N,2021-03-26,\N,2021-03-27,\N,2021-03-27,\N,\N,\N,57.0,56.0
1051,2021,20,78,Qatar Grand Prix,2021-11-21,14:00:00,http://en.wikipedia.org/wiki/2021_Qatar_Grand_Prix,2021-11-19,\N,2021-11-19,\N,2021-11-20,\N,2021-11-20,\N,\N,\N,57.0,57.0
1054,2021,3,75,Portuguese Grand Prix,2021-05-02,14:00:00,http://en.wikipedia.org/wiki/2021_Portuguese_Grand_Prix,2021-04-30,\N,2021-04-30,\N,2021-05-01,\N,2021-05-01,\N,\N,\N,66.0,66.0
1055,2021,4,4,Spanish Grand Prix,2021-05-09,13:00:00,http://en.wikipedia.org/wiki/2021_Spanish_Grand_Prix,2021-05-07,\N,2021-05-07,\N,2021-05-08,\N,2021-05-08,\N,\N,\N,66.0,66.0
1056,2021,5,6,Monaco Grand Prix,2021-05-23,13:00:00,http://en.wikipedia.org/wiki/2021_Monaco_Grand_Prix,2021-05-21,\N,2021-05-21,\N,2021-05-22,\N,2021-05-22,\N,\N,\N,78.0,78.0
1057,2021,6,73,Azerbaijan Grand Prix,2021-06-06,12:00:00,http://en.wikipedia.org/wiki/2021_Azerbaijan_Grand_Prix,2021-06-04,\N,2021-06-04,\N,2021-06-05,\N,2021-06-05,\N,\N,\N,51.0,51.0
1058,2021,8,70,Styrian Grand Prix,2021-06-27,13:00:00,http://en.wikipedia.org/wiki/2021_Styrian_Grand_Prix,2021-06-25,\N,2021-06-25,\N,2021-06-26,\N,2021-06-26,\N,\N,\N,71.0,71.0
1059,2021,7,34,French Grand Prix,2021-06-20,13:00:00,http://en.wikipedia.org/wiki/2021_French_Grand_Prix,2021-06-18,\N,2021-06-18,\N,2021-06-19,\N,2021-06-19,\N,\N,\N,53.0,53.0
1060,2021,9,70,Austrian Grand Prix,2021-07-04,13:00:00,http://en.wikipedia.org/wiki/2021_Austrian_Grand_Prix,2021-07-02,\N,2021-07-02,\N,2021-07-03,\N,2021-07-03,\N,\N,\N,71.0,71.0
1061,2021,10,9,British Grand Prix,2021-07-18,14:00:00,http://en.wikipedia.org/wiki/2021_British_Grand_Prix,2021-07-16,\N,2021-07-17,\N,\N,\N,2021-07-16,\N,2021-07-17,\N,52.0,52.0
1062,2021,11,11,Hungarian Grand Prix,2021-08-01,13:00:00,http://en.wikipedia.org/wiki/2021_Hungarian_Grand_Prix,2021-07-30,\N,2021-07-30,\N,2021-07-31,\N,2021-07-31,\N,\N,\N,70.0,70.0
1063,2021,12,13,Belgian Grand Prix,2021-08-29,13:00:00,http://en.wikipedia.org/wiki/2021_Belgian_Grand_Prix,2021-08-27,\N,2021-08-27,\N,2021-08-28,\N,2021-08-28,\N,\N,\N,44.0,1.0
1064,2021,13,39,Dutch Grand Prix,2021-09-05,13:00:00,http://en.wikipedia.org/wiki/2021_Dutch_Grand_Prix,2021-09-03,\N,2021-09-03,\N,2021-09-04,\N,2021-09-04,\N,\N,\N,72.0,72.0
1065,2021,14,14,Italian Grand Prix,2021-09-12,13:00:00,http://en.wikipedia.org/wiki/2021_Italian_Grand_Prix,2021-09-10,\N,2021-09-11,\N,\N,\N,2021-09-10,\N,2021-09-11,\N,53.0,53.0
1066,2021,15,71,Russian Grand Prix,2021-09-26,12:00:00,http://en.wikipedia.org/wiki/2021_Russian_Grand_Prix,2021-09-24,\N,2021-09-24,\N,2021-09-25,\N,2021-09-25,\N,\N,\N,53.0,53.0
1067,2021,16,5,Turkish Grand Prix,2021-10-10,12:00:00,http://en.wikipedia.org/wiki/2021_Turkish_Grand_Prix,2021-10-08,\N,2021-10-08,\N,2021-10-09,\N,2021-10-09,\N,\N,\N,58.0,58.0
1069,2021,17,69,United States Grand Prix,2021-10-24,19:00:00,http://en.wikipedia.org/wiki/2021_United_States_Grand_Prix,2021-10-22,\N,2021-10-22,\N,2021-10-23,\N,2021-10-23,\N,\N,\N,56.0,56.0
1070,2021,18,32,Mexico City Grand Prix,2021-11-07,19:00:00,http://en.wikipedia.org/wiki/2021_Mexican_Grand_Prix,2021-11-05,\N,2021-11-05,\N,2021-11-06,\N,2021-11-06,\N,\N,\N,71.0,71.0
1071,2021,19,18,SÃ£o Paulo Grand Prix,2021-11-14,17:00:00,http://en.wikipedia.org/wiki/2021_S%C3%A3o_Paulo_Grand_Prix,2021-11-12,\N,2021-11-13,\N,\N,\N,2021-11-12,\N,2021-11-13,\N,71.0,71.0
1072,2021,21,77,Saudi Arabian Grand Prix,2021-12-05,17:30:00,http://en.wikipedia.org/wiki/2021_Saudi_Arabian_Grand_Prix,2021-12-03,\N,2021-12-03,\N,2021-12-04,\N,2021-12-04,\N,\N,\N,50.0,50.0
1073,2021,22,24,Abu Dhabi Grand Prix,2021-12-12,13:00:00,http://en.wikipedia.org/wiki/2021_Abu_Dhabi_Grand_Prix,2021-12-10,\N,2021-12-10,\N,2021-12-11,\N,2021-12-11,\N,\N,\N,58.0,58.0
1075,2022,2,77,Saudi Arabian Grand Prix,2022-03-27,17:00:00,http://en.wikipedia.org/wiki/2022_Saudi_Arabian_Grand_Prix,2022-03-25,14:00:00,2022-03-25,17:00:00,2022-03-26,14:00:00,2022-03-26,17:00:00,\N,\N,50.0,50.0
1076,2022,3,1,Australian Grand Prix,2022-04-10,05:00:00,http://en.wikipedia.org/wiki/2022_Australian_Grand_Prix,2022-04-08,03:00:00,2022-04-08,06:00:00,2022-04-09,03:00:00,2022-04-09,06:00:00,\N,\N,58.0,58.0
1077,2022,4,21,Emilia Romagna Grand Prix,2022-04-24,13:00:00,http://en.wikipedia.org/wiki/2022_Emilia_Romagna_Grand_Prix,2022-04-22,11:30:00,2022-04-23,10:30:00,\N,\N,2022-04-22,15:00:00,2022-04-23,14:30:00,63.0,63.0
1078,2022,5,79,Miami Grand Prix,2022-05-08,19:30:00,http://en.wikipedia.org/wiki/2022_Miami_Grand_Prix,2022-05-06,18:30:00,2022-05-06,21:30:00,2022-05-07,17:00:00,2022-05-07,20:00:00,\N,\N,57.0,57.0
1079,2022,6,4,Spanish Grand Prix,2022-05-22,13:00:00,http://en.wikipedia.org/wiki/2022_Spanish_Grand_Prix,2022-05-20,12:00:00,2022-05-20,15:00:00,2022-05-21,11:00:00,2022-05-21,14:00:00,\N,\N,66.0,66.0
1080,2022,7,6,Monaco Grand Prix,2022-05-29,13:00:00,http://en.wikipedia.org/wiki/2022_Monaco_Grand_Prix,2022-05-27,12:00:00,2022-05-27,15:00:00,2022-05-28,11:00:00,2022-05-28,14:00:00,\N,\N,78.0,64.0
1081,2022,8,73,Azerbaijan Grand Prix,2022-06-12,11:00:00,http://en.wikipedia.org/wiki/2022_Azerbaijan_Grand_Prix,2022-06-10,11:00:00,2022-06-10,14:00:00,2022-06-11,11:00:00,2022-06-11,14:00:00,\N,\N,51.0,51.0
1082,2022,9,7,Canadian Grand Prix,2022-06-19,18:00:00,http://en.wikipedia.org/wiki/2022_Canadian_Grand_Prix,2022-06-17,18:00:00,2022-06-17,21:00:00,2022-06-18,17:00:00,2022-06-18,20:00:00,\N,\N,70.0,70.0
1083,2022,10,9,British Grand Prix,2022-07-03,14:00:00,http://en.wikipedia.org/wiki/2022_British_Grand_Prix,2022-07-01,12:00:00,2022-07-01,15:00:00,2022-07-02,11:00:00,2022-07-02,14:00:00,\N,\N,52.0,52.0
1084,2022,11,70,Austrian Grand Prix,2022-07-10,13:00:00,http://en.wikipedia.org/wiki/2022_Austrian_Grand_Prix,2022-07-08,11:30:00,2022-07-09,10:30:00,\N,\N,2022-07-08,15:00:00,2022-07-09,14:30:00,71.0,71.0
1085,2022,12,34,French Grand Prix,2022-07-24,13:00:00,http://en.wikipedia.org/wiki/2022_French_Grand_Prix,2022-07-22,12:00:00,2022-07-22,15:00:00,2022-07-23,11:00:00,2022-07-23,14:00:00,\N,\N,53.0,53.0
1086,2022,13,11,Hungarian Grand Prix,2022-07-31,13:00:00,http://en.wikipedia.org/wiki/2022_Hungarian_Grand_Prix,2022-07-29,12:00:00,2022-07-29,15:00:00,2022-07-30,11:00:00,2022-07-30,14:00:00,\N,\N,70.0,70.0
1087,2022,14,13,Belgian Grand Prix,2022-08-28,13:00:00,http://en.wikipedia.org/wiki/2022_Belgian_Grand_Prix,2022-08-26,12:00:00,2022-08-26,15:00:00,2022-08-27,11:00:00,2022-08-27,14:00:00,\N,\N,44.0,44.0
1088,2022,15,39,Dutch Grand Prix,2022-09-04,13:00:00,http://en.wikipedia.org/wiki/2022_Dutch_Grand_Prix,2022-09-02,10:30:00,2022-09-02,14:00:00,2022-09-03,10:00:00,2022-09-03,13:00:00,\N,\N,72.0,72.0
1089,2022,16,14,Italian Grand Prix,2022-09-11,13:00:00,http://en.wikipedia.org/wiki/2022_Italian_Grand_Prix,2022-09-09,12:00:00,2022-09-09,15:00:00,2022-09-10,11:00:00,2022-09-10,14:00:00,\N,\N,53.0,53.0
1091,2022,17,15,Singapore Grand Prix,2022-10-02,12:00:00,http://en.wikipedia.org/wiki/2022_Singapore_Grand_Prix,2022-09-30,10:00:00,2022-09-30,13:00:00,2022-10-01,10:00:00,2022-10-01,13:00:00,\N,\N,61.0,59.0
1092,2022,18,22,Japanese Grand Prix,2022-10-09,05:00:00,http://en.wikipedia.org/wiki/2022_Japanese_Grand_Prix,2022-10-07,03:00:00,2022-10-07,06:00:00,2022-10-08,03:00:00,2022-10-08,06:00:00,\N,\N,53.0,28.0
1093,2022,19,69,United States Grand Prix,2022-10-23,19:00:00,http://en.wikipedia.org/wiki/2022_United_States_Grand_Prix,2022-10-21,19:00:00,2022-10-21,22:00:00,2022-10-22,19:00:00,2022-10-22,22:00:00,\N,\N,56.0,56.0
1094,2022,20,32,Mexico City Grand Prix,2022-10-30,20:00:00,http://en.wikipedia.org/wiki/2022_Mexican_Grand_Prix,2022-10-28,18:00:00,2022-10-28,21:00:00,2022-10-29,17:00:00,2022-10-29,20:00:00,\N,\N,71.0,71.0
1095,2022,21,18,Brazilian Grand Prix,2022-11-13,18:00:00,http://en.wikipedia.org/wiki/2022_Brazilian_Grand_Prix,2022-11-11,15:30:00,2022-11-12,15:30:00,\N,\N,2022-11-11,19:00:00,2022-11-12,19:30:00,71.0,71.0
1096,2022,22,24,Abu Dhabi Grand Prix,2022-11-20,13:00:00,http://en.wikipedia.org/wiki/2022_Abu_Dhabi_Grand_Prix,2022-11-18,10:00:00,2022-11-18,13:00:00,2022-11-19,11:00:00,2022-11-19,14:00:00,\N,\N,58.0,58.0
