raceId,year,country,circuitId,grandprix,circuit,lat,lng,milliseconds,datetime,date,url,temp,clouds,wind_speed,wind_deg,weather_before,weather_main,weather_desc,precipitation,weather_during,Scheduled Laps,Laps
1,2009,Australia,1,Australian Grand Prix,Albert Park Grand Prix Circuit,-37.8497,144.968,5655784,2009-03-29 06:00:00,2009-03-29,http://en.wikipedia.org/wiki/2009_Australian_Grand_Prix,20.81,0.0,6.7,180.0,Clear,Clear,clear sky,,Clear,58,58
2,2009,Malaysia,2,Malaysian Grand Prix,Sepang International Circuit,2.76083,101.738,4252092,2009-04-05 09:00:00,2009-04-05,http://en.wikipedia.org/wiki/2009_Malaysian_Grand_Prix,28.15,75.0,1.0,290.0,Rain,Rain,light rain,0.86,Rain,56,31
3,2009,China,17,Chinese Grand Prix,Shanghai International Circuit,31.3389,121.22,7063485,2009-04-19 07:00:00,2009-04-19,http://en.wikipedia.org/wiki/2009_Chinese_Grand_Prix,19.79,100.0,10.0,140.0,Rain,Rain,moderate rain,1.34,Rain,56,56
4,2009,Bahrain,3,Bahrain Grand Prix,Bahrain International Circuit,26.0325,50.5106,5508182,2009-04-26 12:00:00,2009-04-26,http://en.wikipedia.org/wiki/2009_Bahrain_Grand_Prix,28.76,14.0,5.01,100.0,Clouds,Clouds,few clouds,,Clouds,57,57
5,2009,Spain,4,Spanish Grand Prix,Circuit de Barcelona-Catalunya,41.57,2.26111,5839202,2009-05-10 12:00:00,2009-05-10,http://en.wikipedia.org/wiki/2009_Spanish_Grand_Prix,20.27,20.0,4.1,130.0,Clouds,Clouds,few clouds,,Clouds,66,66
6,2009,Monaco,6,Monaco Grand Prix,Circuit de Monaco,43.7347,7.42056,6044282,2009-05-24 12:00:00,2009-05-24,http://en.wikipedia.org/wiki/2009_Monaco_Grand_Prix,22.88,20.0,3.1,110.0,Clear,Clouds,few clouds,,Clouds,78,78
7,2009,Turkey,5,Turkish Grand Prix,Istanbul Park,40.9517,29.405,5184848,2009-06-07 12:00:00,2009-06-07,http://en.wikipedia.org/wiki/2009_Turkish_Grand_Prix,28.41,0.0,3.1,210.0,Clear,Clear,clear sky,,Clear,58,58
8,2009,England,9,British Grand Prix,Silverstone Circuit,52.0786,-1.01694,4969328,2009-06-21 12:00:00,2009-06-21,http://en.wikipedia.org/wiki/2009_British_Grand_Prix,16.8,99.0,3.46,316.0,Clouds,Clouds,overcast clouds,,Clouds,60,60
9,2009,Germany,20,German Grand Prix,Nürburgring,50.3356,6.9475,5803310,2009-07-12 12:00:00,2009-07-12,http://en.wikipedia.org/wiki/2009_German_Grand_Prix,16.95,75.0,4.6,200.0,Clouds,Clouds,broken clouds,,Clouds,60,60
10,2009,Hungary,11,Hungarian Grand Prix,Hungaroring,47.5789,19.2486,5903876,2009-07-26 12:00:00,2009-07-26,http://en.wikipedia.org/wiki/2009_Hungarian_Grand_Prix,24.51,0.0,9.3,300.0,Clear,Clear,clear sky,,Clear,70,70
11,2009,Spain,12,European Grand Prix,Valencia Street Circuit,39.4589,-0.331667,5751289,2009-08-23 12:00:00,2009-08-23,http://en.wikipedia.org/wiki/2009_European_Grand_Prix,31.33,0.0,4.1,130.0,Clear,Clear,clear sky,,Clear,57,57
12,2009,Belgium,13,Belgian Grand Prix,Circuit de Spa-Francorchamps,50.4372,5.97139,5030995,2009-08-30 12:00:00,2009-08-30,http://en.wikipedia.org/wiki/2009_Belgian_Grand_Prix,16.14,40.0,4.0,270.0,Clouds,Clouds,scattered clouds,,Clouds,44,44
13,2009,Italy,14,Italian Grand Prix,Autodromo Nazionale di Monza,45.6156,9.28111,4581706,2009-09-13 12:00:00,2009-09-13,http://en.wikipedia.org/wiki/2009_Italian_Grand_Prix,25.68,20.0,1.0,290.0,Clear,Clouds,few clouds,,Clouds,53,53
14,2009,Singapore,15,Singapore Grand Prix,Marina Bay Street Circuit,1.2914,103.864,6966337,2009-09-27 12:00:00,2009-09-27,http://en.wikipedia.org/wiki/2009_Singapore_Grand_Prix,30.94,75.0,2.1,220.0,Clouds,Haze,haze,,Clouds,61,61
15,2009,Japan,22,Japanese Grand Prix,Suzuka Circuit,34.8431,136.541,5300443,2009-10-04 05:00:00,2009-10-04,http://en.wikipedia.org/wiki/2009_Japanese_Grand_Prix,25.88,0.0,3.6,120.0,Clear,Clear,clear sky,,Clear,53,53
16,2009,Brazil,18,Brazilian Grand Prix,Autódromo José Carlos Pace,-23.7036,-46.6997,5543081,2009-10-18 16:00:00,2009-10-18,http://en.wikipedia.org/wiki/2009_Brazilian_Grand_Prix,25.75,75.0,4.1,300.0,Rain,Rain,moderate rain,1.05,Rain,71,71
17,2009,United Arab Emirates,24,Abu Dhabi Grand Prix,Yas Marina Circuit,24.4672,54.6031,5643414,2009-11-01 11:00:00,2009-11-01,http://en.wikipedia.org/wiki/2009_Abu_Dhabi_Grand_Prix,34.46,0.0,6.2,310.0,Clear,Clear,clear sky,,Clear,55,55
18,2008,Australia,1,Australian Grand Prix,Albert Park Grand Prix Circuit,-37.8497,144.968,5690616,2008-03-16 04:30:00,2008-03-16,http://en.wikipedia.org/wiki/2008_Australian_Grand_Prix,38.31,20.0,7.7,360.0,Haze,Haze,haze,,Clouds,58,58
19,2008,Malaysia,2,Malaysian Grand Prix,Sepang International Circuit,2.76083,101.738,5478555,2008-03-23 07:00:00,2008-03-23,http://en.wikipedia.org/wiki/2008_Malaysian_Grand_Prix,30.08,75.0,1.5,260.0,Clouds,Clouds,broken clouds,,Clouds,56,56
20,2008,Bahrain,3,Bahrain Grand Prix,Bahrain International Circuit,26.0325,50.5106,5466970,2008-04-06 11:30:00,2008-04-06,http://en.wikipedia.org/wiki/2008_Bahrain_Grand_Prix,23.24,81.0,6.06,350.0,Clear,Clouds,broken clouds,,Clouds,57,57
21,2008,Spain,4,Spanish Grand Prix,Circuit de Barcelona-Catalunya,41.57,2.26111,5899051,2008-04-27 12:00:00,2008-04-27,http://en.wikipedia.org/wiki/2008_Spanish_Grand_Prix,19.68,69.0,5.1,140.0,Clouds,Clouds,broken clouds,,Clouds,66,66
22,2008,Turkey,5,Turkish Grand Prix,Istanbul Park,40.9517,29.405,5209451,2008-05-11 12:00:00,2008-05-11,http://en.wikipedia.org/wiki/2008_Turkish_Grand_Prix,16.71,50.0,3.11,341.0,Clouds,Clouds,scattered clouds,,Clouds,58,58
23,2008,Monaco,6,Monaco Grand Prix,Circuit de Monaco,43.7347,7.42056,7242742,2008-05-25 12:00:00,2008-05-25,http://en.wikipedia.org/wiki/2008_Monaco_Grand_Prix,18.08,75.0,7.2,60.0,Rain,Rain,light rain,,Rain,78,76
24,2008,Canada,7,Canadian Grand Prix,Circuit Gilles Villeneuve,45.5,-73.5228,5784227,2008-06-08 17:00:00,2008-06-08,http://en.wikipedia.org/wiki/2008_Canadian_Grand_Prix,28.59,0.0,7.2,240.0,Clear,Clear,clear sky,,Clear,70,70
25,2008,France,8,French Grand Prix,Circuit de Nevers Magny-Cours,46.8642,3.16361,5510245,2008-06-22 12:00:00,2008-06-22,http://en.wikipedia.org/wiki/2008_French_Grand_Prix,27.41,75.0,4.1,150.0,Clouds,Clouds,broken clouds,,Rain,70,70
26,2008,England,9,British Grand Prix,Silverstone Circuit,52.0786,-1.01694,5949440,2008-07-06 12:00:00,2008-07-06,http://en.wikipedia.org/wiki/2008_British_Grand_Prix,14.04,98.0,5.41,193.0,Rain,Rain,light rain,0.33,Clouds,60,60
27,2008,Germany,10,German Grand Prix,Hockenheimring,49.3278,8.56583,5480874,2008-07-20 12:00:00,2008-07-20,http://en.wikipedia.org/wiki/2008_German_Grand_Prix,23.2,61.0,3.98,270.0,Clouds,Clouds,broken clouds,,Clouds,67,67
28,2008,Hungary,11,Hungarian Grand Prix,Hungaroring,47.5789,19.2486,5847067,2008-08-03 12:00:00,2008-08-03,http://en.wikipedia.org/wiki/2008_Hungarian_Grand_Prix,28.51,40.0,3.1,340.0,Clouds,Clouds,scattered clouds,,Clouds,70,70
29,2008,Spain,12,European Grand Prix,Valencia Street Circuit,39.4589,-0.331667,5732339,2008-08-24 12:00:00,2008-08-24,http://en.wikipedia.org/wiki/2008_European_Grand_Prix,29.93,20.0,5.1,130.0,Clouds,Clouds,few clouds,,Clouds,57,57
30,2008,Belgium,13,Belgian Grand Prix,Circuit de Spa-Francorchamps,50.4372,5.97139,4979394,2008-09-07 12:00:00,2008-09-07,http://en.wikipedia.org/wiki/2008_Belgian_Grand_Prix,14.11,40.0,7.0,220.0,Clouds,Clouds,scattered clouds,,Clouds,44,44
31,2008,Italy,14,Italian Grand Prix,Autodromo Nazionale di Monza,45.6156,9.28111,5207494,2008-09-14 12:00:00,2008-09-14,http://en.wikipedia.org/wiki/2008_Italian_Grand_Prix,15.31,40.0,5.1,100.0,Rain,Rain,light rain,0.57,Rain,53,53
32,2008,Singapore,15,Singapore Grand Prix,Marina Bay Street Circuit,1.2914,103.864,7036304,2008-09-28 12:00:00,2008-09-28,http://en.wikipedia.org/wiki/2008_Singapore_Grand_Prix,27.79,75.0,1.5,60.0,Clouds,Haze,haze,,Clouds,61,61
33,2008,Japan,16,Japanese Grand Prix,Fuji Speedway,35.3717,138.927,5421892,2008-10-12 04:30:00,2008-10-12,http://en.wikipedia.org/wiki/2008_Japanese_Grand_Prix,19.14,99.0,1.96,167.0,Clouds,Clouds,overcast clouds,,Clouds,67,67
34,2008,China,17,Chinese Grand Prix,Shanghai International Circuit,31.3389,121.22,5517403,2008-10-19 07:00:00,2008-10-19,http://en.wikipedia.org/wiki/2008_Chinese_Grand_Prix,27.67,75.0,5.0,40.0,Clouds,Rain,light rain,0.28,Rain,56,56
35,2008,Brazil,18,Brazilian Grand Prix,Autódromo José Carlos Pace,-23.7036,-46.6997,5651435,2008-11-02 17:00:00,2008-11-02,http://en.wikipedia.org/wiki/2008_Brazilian_Grand_Prix,25.54,75.0,10.8,340.0,Rain,Rain,light rain,0.21,Haze,71,71
36,2007,Australia,1,Australian Grand Prix,Albert Park Grand Prix Circuit,-37.8497,144.968,5128770,2007-03-18 03:00:00,2007-03-18,http://en.wikipedia.org/wiki/2007_Australian_Grand_Prix,19.17,1.0,4.6,160.0,Clouds,Clear,clear sky,,Clear,58,58
37,2007,Malaysia,2,Malaysian Grand Prix,Sepang International Circuit,2.76083,101.738,5534930,2007-04-08 07:00:00,2007-04-08,http://en.wikipedia.org/wiki/2007_Malaysian_Grand_Prix,29.85,75.0,2.6,200.0,Clouds,Clouds,broken clouds,,Clouds,56,56
38,2007,Bahrain,3,Bahrain Grand Prix,Bahrain International Circuit,26.0325,50.5106,5607515,2007-04-15 11:30:00,2007-04-15,http://en.wikipedia.org/wiki/2007_Bahrain_Grand_Prix,23.58,0.0,8.0,13.0,Clear,Clear,clear sky,,Clear,57,57
39,2007,Spain,4,Spanish Grand Prix,Circuit de Barcelona-Catalunya,41.57,2.26111,5496230,2007-05-13 12:00:00,2007-05-13,http://en.wikipedia.org/wiki/2007_Spanish_Grand_Prix,23.88,0.0,1.5,220.0,Clear,Clear,clear sky,,Clear,66,65
40,2007,Monaco,6,Monaco Grand Prix,Circuit de Monaco,43.7347,7.42056,6029329,2007-05-27 12:00:00,2007-05-27,http://en.wikipedia.org/wiki/2007_Monaco_Grand_Prix,19.79,40.0,7.2,210.0,Clouds,Clouds,scattered clouds,,Rain,78,78
41,2007,Canada,7,Canadian Grand Prix,Circuit Gilles Villeneuve,45.5,-73.5228,6251292,2007-06-10 17:00:00,2007-06-10,http://en.wikipedia.org/wiki/2007_Canadian_Grand_Prix,25.31,0.0,3.1,220.0,Clear,Clear,clear sky,,Clouds,70,70
42,2007,USA,19,United States Grand Prix,Indianapolis Motor Speedway,39.795,-86.2347,5469965,2007-06-17 17:00:00,2007-06-17,http://en.wikipedia.org/wiki/2007_United_States_Grand_Prix,32.82,20.0,6.2,250.0,Haze,Haze,haze,,Haze,73,73
43,2007,France,8,French Grand Prix,Circuit de Nevers Magny-Cours,46.8642,3.16361,5454200,2007-07-01 12:00:00,2007-07-01,http://en.wikipedia.org/wiki/2007_French_Grand_Prix,20.89,75.0,4.1,290.0,Clouds,Clouds,broken clouds,,Rain,70,70
44,2007,England,9,British Grand Prix,Silverstone Circuit,52.0786,-1.01694,4903074,2007-07-08 12:00:00,2007-07-08,http://en.wikipedia.org/wiki/2007_British_Grand_Prix,18.25,66.0,3.19,239.0,Clouds,Clouds,broken clouds,,Clouds,60,59
45,2007,Germany,20,European Grand Prix,Nürburgring,50.3356,6.9475,7586358,2007-07-22 12:00:00,2007-07-22,http://en.wikipedia.org/wiki/2007_European_Grand_Prix,17.56,40.0,6.2,270.0,Clouds,Clouds,scattered clouds,,Clouds,60,60
46,2007,Hungary,11,Hungarian Grand Prix,Hungaroring,47.5789,19.2486,5752991,2007-08-05 12:00:00,2007-08-05,http://en.wikipedia.org/wiki/2007_Hungarian_Grand_Prix,26.67,0.0,4.6,30.0,Clouds,Clear,clear sky,,Clear,70,70
47,2007,Turkey,5,Turkish Grand Prix,Istanbul Park,40.9517,29.405,5202161,2007-08-26 12:00:00,2007-08-26,http://en.wikipedia.org/wiki/2007_Turkish_Grand_Prix,32.0,20.0,7.2,20.0,Clouds,Clouds,few clouds,,Clouds,58,58
48,2007,Italy,14,Italian Grand Prix,Autodromo Nazionale di Monza,45.6156,9.28111,4717806,2007-09-09 12:00:00,2007-09-09,http://en.wikipedia.org/wiki/2007_Italian_Grand_Prix,24.41,0.0,1.0,160.0,Clear,Clear,clear sky,,Clear,53,53
49,2007,Belgium,13,Belgian Grand Prix,Circuit de Spa-Francorchamps,50.4372,5.97139,4839066,2007-09-16 12:00:00,2007-09-16,http://en.wikipedia.org/wiki/2007_Belgian_Grand_Prix,19.12,40.0,4.0,270.0,Clouds,Clouds,scattered clouds,,Clouds,44,44
50,2007,Japan,16,Japanese Grand Prix,Fuji Speedway,35.3717,138.927,7234579,2007-09-30 04:30:00,2007-09-30,http://en.wikipedia.org/wiki/2007_Japanese_Grand_Prix,16.59,100.0,1.89,27.0,Rain,Rain,light rain,0.46,Rain,67,67
51,2007,China,17,Chinese Grand Prix,Shanghai International Circuit,31.3389,121.22,5878395,2007-10-07 06:00:00,2007-10-07,http://en.wikipedia.org/wiki/2007_Chinese_Grand_Prix,25.93,100.0,6.0,90.0,Rain,Rain,light intensity shower rain,3.1,Rain,56,56
52,2007,Brazil,18,Brazilian Grand Prix,Autódromo José Carlos Pace,-23.7036,-46.6997,5295270,2007-10-21 16:00:00,2007-10-21,http://en.wikipedia.org/wiki/2007_Brazilian_Grand_Prix,33.59,40.0,4.6,320.0,Clouds,Clouds,scattered clouds,,Clouds,71,71
53,2006,Bahrain,3,Bahrain Grand Prix,Bahrain International Circuit,26.0325,50.5106,5386205,2006-03-12 14:30:00,2006-03-12,http://en.wikipedia.org/wiki/2006_Bahrain_Grand_Prix,18.78,0.0,6.97,345.0,Clear,Clear,clear sky,,Clear,57,57
54,2006,Malaysia,2,Malaysian Grand Prix,Sepang International Circuit,2.76083,101.738,5440529,2006-03-19 15:00:00,2006-03-19,http://en.wikipedia.org/wiki/2006_Malaysian_Grand_Prix,26.09,75.0,1.5,100.0,Clouds,Haze,haze,,Clouds,56,56
55,2006,Australia,1,Australian Grand Prix,Albert Park Grand Prix Circuit,-37.8497,144.968,5667870,2006-04-02 14:00:00,2006-04-02,http://en.wikipedia.org/wiki/2006_Australian_Grand_Prix,14.47,75.0,3.1,290.0,Clouds,Clouds,broken clouds,,Clouds,58,57
56,2006,Italy,21,San Marino Grand Prix,Autodromo Enzo e Dino Ferrari,44.3439,11.7167,5466486,2006-04-23 14:00:00,2006-04-23,http://en.wikipedia.org/wiki/2006_San_Marino_Grand_Prix,24.36,12.0,2.42,222.0,Clear,Clouds,few clouds,,Clouds,62,62
57,2006,Germany,20,European Grand Prix,Nürburgring,50.3356,6.9475,5758765,2006-05-07 14:00:00,2006-05-07,http://en.wikipedia.org/wiki/2006_European_Grand_Prix,19.08,40.0,5.0,110.0,Clouds,Clouds,scattered clouds,,Clouds,60,60
58,2006,Spain,4,Spanish Grand Prix,Circuit de Barcelona-Catalunya,41.57,2.26111,5181759,2006-05-14 14:00:00,2006-05-14,http://en.wikipedia.org/wiki/2006_Spanish_Grand_Prix,22.78,97.0,4.56,202.0,Clouds,Clouds,overcast clouds,,Clouds,66,66
59,2006,Monaco,6,Monaco Grand Prix,Circuit de Monaco,43.7347,7.42056,6223116,2006-05-28 14:00:00,2006-05-28,http://en.wikipedia.org/wiki/2006_Monaco_Grand_Prix,20.17,0.0,3.1,100.0,Clouds,Clear,clear sky,,Clouds,78,78
60,2006,England,9,British Grand Prix,Silverstone Circuit,52.0786,-1.01694,5151927,2006-06-11 12:00:00,2006-06-11,http://en.wikipedia.org/wiki/2006_British_Grand_Prix,24.42,85.0,3.5,213.0,Clouds,Clouds,overcast clouds,,Clouds,60,60
61,2006,Canada,7,Canadian Grand Prix,Circuit Gilles Villeneuve,45.5,-73.5228,5677308,2006-06-25 13:00:00,2006-06-25,http://en.wikipedia.org/wiki/2006_Canadian_Grand_Prix,22.01,0.0,2.0,50.0,Clear,Clear,clear sky,,Clear,70,70
62,2006,USA,19,United States Grand Prix,Indianapolis Motor Speedway,39.795,-86.2347,5675199,2006-07-02 14:00:00,2006-07-02,http://en.wikipedia.org/wiki/2006_United_States_Grand_Prix,25.9,0.0,7.1,240.0,Clear,Clear,clear sky,,Clear,73,73
63,2006,France,8,French Grand Prix,Circuit de Nevers Magny-Cours,46.8642,3.16361,5527803,2006-07-16 14:00:00,2006-07-16,http://en.wikipedia.org/wiki/2006_French_Grand_Prix,33.81,0.0,1.0,320.0,Clear,Clear,clear sky,,Clear,70,70
64,2006,Germany,10,German Grand Prix,Hockenheimring,49.3278,8.56583,5271693,2006-07-30 14:00:00,2006-07-30,http://en.wikipedia.org/wiki/2006_German_Grand_Prix,31.38,20.0,2.1,180.0,Clouds,Clouds,few clouds,,Clouds,67,67
65,2006,Hungary,11,Hungarian Grand Prix,Hungaroring,47.5789,19.2486,6740941,2006-08-06 14:00:00,2006-08-06,http://en.wikipedia.org/wiki/2006_Hungarian_Grand_Prix,19.18,75.0,4.0,240.0,Rain,Clouds,broken clouds,,Clouds,70,70
66,2006,Turkey,5,Turkish Grand Prix,Istanbul Park,40.9517,29.405,5331082,2006-08-27 15:00:00,2006-08-27,http://en.wikipedia.org/wiki/2006_Turkish_Grand_Prix,31.41,0.0,3.1,230.0,Clear,Clear,clear sky,,Clear,58,58
67,2006,Italy,14,Italian Grand Prix,Autodromo Nazionale di Monza,45.6156,9.28111,4491975,2006-09-10 14:00:00,2006-09-10,http://en.wikipedia.org/wiki/2006_Italian_Grand_Prix,25.06,0.0,1.5,120.0,Clear,Clear,clear sky,,Clouds,53,53
68,2006,China,17,Chinese Grand Prix,Shanghai International Circuit,31.3389,121.22,5852747,2006-10-01 14:00:00,2006-10-01,http://en.wikipedia.org/wiki/2006_Chinese_Grand_Prix,20.36,100.0,2.0,340.0,Mist,Mist,mist,,Mist,56,56
69,2006,Japan,22,Japanese Grand Prix,Suzuka Circuit,34.8431,136.541,5032413,2006-10-08 14:00:00,2006-10-08,http://en.wikipedia.org/wiki/2006_Japanese_Grand_Prix,17.27,0.0,6.2,300.0,Clear,Clear,clear sky,,Clear,53,53
70,2006,Brazil,18,Brazilian Grand Prix,Autódromo José Carlos Pace,-23.7036,-46.6997,5513751,2006-10-22 14:00:00,2006-10-22,http://en.wikipedia.org/wiki/2006_Brazilian_Grand_Prix,20.22,20.0,2.1,210.0,Clouds,Clouds,few clouds,,Clouds,71,71
71,2005,Australia,1,Australian Grand Prix,Albert Park Grand Prix Circuit,-37.8497,144.968,5057336,2005-03-06 14:00:00,2005-03-06,http://en.wikipedia.org/wiki/2005_Australian_Grand_Prix,13.62,27.0,5.9,273.0,Clouds,Clouds,scattered clouds,,Clouds,58,57
72,2005,Malaysia,2,Malaysian Grand Prix,Sepang International Circuit,2.76083,101.738,5493736,2005-03-20 15:00:00,2005-03-20,http://en.wikipedia.org/wiki/2005_Malaysian_Grand_Prix,27.48,75.0,0.5,80.0,Clouds,Haze,haze,,Clouds,56,56
73,2005,Bahrain,3,Bahrain Grand Prix,Bahrain International Circuit,26.0325,50.5106,5358531,2005-04-03 14:30:00,2005-04-03,http://en.wikipedia.org/wiki/2005_Bahrain_Grand_Prix,26.97,7.0,5.6,151.0,Clear,Clear,clear sky,,Clear,57,57
74,2005,Italy,21,San Marino Grand Prix,Autodromo Enzo e Dino Ferrari,44.3439,11.7167,5261921,2005-04-24 14:00:00,2005-04-24,http://en.wikipedia.org/wiki/2005_San_Marino_Grand_Prix,17.72,100.0,0.75,50.0,Clouds,Clouds,overcast clouds,,Clouds,62,62
75,2005,Spain,4,Spanish Grand Prix,Circuit de Barcelona-Catalunya,41.57,2.26111,5236830,2005-05-08 14:00:00,2005-05-08,http://en.wikipedia.org/wiki/2005_Spanish_Grand_Prix,19.62,3.0,3.68,174.0,Clear,Clear,clear sky,,Clear,66,66
76,2005,Monaco,6,Monaco Grand Prix,Circuit de Monaco,43.7347,7.42056,6315556,2005-05-22 14:00:00,2005-05-22,http://en.wikipedia.org/wiki/2005_Monaco_Grand_Prix,19.01,40.0,7.2,90.0,Clouds,Clouds,scattered clouds,,Clouds,78,78
77,2005,Germany,20,European Grand Prix,Nürburgring,50.3356,6.9475,5506648,2005-05-29 14:00:00,2005-05-29,http://en.wikipedia.org/wiki/2005_European_Grand_Prix,22.67,75.0,4.0,90.0,Clouds,Clouds,broken clouds,,Clouds,60,59
78,2005,Canada,7,Canadian Grand Prix,Circuit Gilles Villeneuve,45.5,-73.5228,5529290,2005-06-12 13:00:00,2005-06-12,http://en.wikipedia.org/wiki/2005_Canadian_Grand_Prix,25.32,20.0,3.6,230.0,Clouds,Clouds,few clouds,,Clouds,70,70
79,2005,USA,19,United States Grand Prix,Indianapolis Motor Speedway,39.795,-86.2347,5383181,2005-06-19 14:00:00,2005-06-19,http://en.wikipedia.org/wiki/2005_United_States_Grand_Prix,19.02,0.0,3.1,90.0,Clear,Clear,clear sky,,Clouds,73,73
80,2005,France,8,French Grand Prix,Circuit de Nevers Magny-Cours,46.8642,3.16361,5482232,2005-07-03 14:00:00,2005-07-03,http://en.wikipedia.org/wiki/2005_French_Grand_Prix,30.3,30.0,2.1,70.0,Clouds,Clouds,scattered clouds,,Clear,70,70
81,2005,England,9,British Grand Prix,Silverstone Circuit,52.0786,-1.01694,5069588,2005-07-10 14:00:00,2005-07-10,http://en.wikipedia.org/wiki/2005_British_Grand_Prix,26.45,45.0,3.58,33.0,Clouds,Clouds,scattered clouds,,Clouds,60,60
82,2005,Germany,10,German Grand Prix,Hockenheimring,49.3278,8.56583,5188599,2005-07-24 14:00:00,2005-07-24,http://en.wikipedia.org/wiki/2005_German_Grand_Prix,22.54,0.0,3.1,190.0,Clear,Clear,clear sky,,Clouds,67,67
83,2005,Hungary,11,Hungarian Grand Prix,Hungaroring,47.5789,19.2486,5845552,2005-07-31 14:00:00,2005-07-31,http://en.wikipedia.org/wiki/2005_Hungarian_Grand_Prix,33.85,0.0,3.6,160.0,Clear,Clear,clear sky,,Clear,70,70
84,2005,Turkey,5,Turkish Grand Prix,Istanbul Park,40.9517,29.405,5074454,2005-08-21 15:00:00,2005-08-21,http://en.wikipedia.org/wiki/2005_Turkish_Grand_Prix,26.11,40.0,4.1,10.0,Clouds,Clouds,scattered clouds,,Clouds,58,58
85,2005,Italy,14,Italian Grand Prix,Autodromo Nazionale di Monza,45.6156,9.28111,4468659,2005-09-04 14:00:00,2005-09-04,http://en.wikipedia.org/wiki/2005_Italian_Grand_Prix,24.87,40.0,2.6,140.0,Clouds,Clouds,scattered clouds,,Rain,53,53
86,2005,Belgium,13,Belgian Grand Prix,Circuit de Spa-Francorchamps,50.4372,5.97139,5401295,2005-09-11 14:00:00,2005-09-11,http://en.wikipedia.org/wiki/2005_Belgian_Grand_Prix,16.53,100.0,2.0,310.0,Fog,Fog,fog,,Fog,44,44
87,2005,Brazil,18,Brazilian Grand Prix,Autódromo José Carlos Pace,-23.7036,-46.6997,5360574,2005-09-25 14:00:00,2005-09-25,http://en.wikipedia.org/wiki/2005_Brazilian_Grand_Prix,20.57,75.0,4.1,340.0,Rain,Rain,light rain,0.58,Haze,71,71
88,2005,Japan,22,Japanese Grand Prix,Suzuka Circuit,34.8431,136.541,5342212,2005-10-09 14:00:00,2005-10-09,http://en.wikipedia.org/wiki/2005_Japanese_Grand_Prix,19.56,87.0,0.5,30.0,Rain,Clouds,overcast clouds,,Clouds,53,53
89,2005,China,17,Chinese Grand Prix,Shanghai International Circuit,31.3389,121.22,5993618,2005-10-16 14:00:00,2005-10-16,http://en.wikipedia.org/wiki/2005_Chinese_Grand_Prix,16.6,0.0,1.0,0.0,Clear,Clear,clear sky,,Haze,56,56
337,2010,Bahrain,3,Bahrain Grand Prix,Bahrain International Circuit,26.0325,50.5106,5960396,2010-03-14 12:00:00,2010-03-14,http://en.wikipedia.org/wiki/2010_Bahrain_Grand_Prix,25.05,0.0,2.61,68.0,Clear,Clear,clear sky,,Clear,49,49
338,2010,Australia,1,Australian Grand Prix,Albert Park Grand Prix Circuit,-37.8497,144.968,5616531,2010-03-28 06:00:00,2010-03-28,http://en.wikipedia.org/wiki/2010_Australian_Grand_Prix,23.41,100.0,6.2,300.0,Clouds,Rain,light rain,0.17,Rain,58,58
339,2010,Malaysia,2,Malaysian Grand Prix,Sepang International Circuit,2.76083,101.738,5628412,2010-04-04 08:00:00,2010-04-04,http://en.wikipedia.org/wiki/2010_Malaysian_Grand_Prix,30.33,75.0,5.1,120.0,Clouds,Clouds,broken clouds,,Clouds,56,56
340,2010,China,17,Chinese Grand Prix,Shanghai International Circuit,31.3389,121.22,6402163,2010-04-18 06:00:00,2010-04-18,http://en.wikipedia.org/wiki/2010_Chinese_Grand_Prix,20.32,0.0,6.0,140.0,Clear,Rain,light rain,0.33,Rain,56,56
341,2010,Spain,4,Spanish Grand Prix,Circuit de Barcelona-Catalunya,41.57,2.26111,5744101,2010-05-09 12:00:00,2010-05-09,http://en.wikipedia.org/wiki/2010_Spanish_Grand_Prix,18.25,20.0,4.1,200.0,Rain,Clouds,few clouds,,Clouds,66,66
342,2010,Monaco,6,Monaco Grand Prix,Circuit de Monaco,43.7347,7.42056,6613355,2010-05-16 12:00:00,2010-05-16,http://en.wikipedia.org/wiki/2010_Monaco_Grand_Prix,17.99,40.0,5.7,180.0,Clouds,Clouds,scattered clouds,,Clouds,78,78
343,2010,Turkey,5,Turkish Grand Prix,Istanbul Park,40.9517,29.405,5327620,2010-05-30 11:00:00,2010-05-30,http://en.wikipedia.org/wiki/2010_Turkish_Grand_Prix,26.35,17.0,2.04,276.0,Clear,Clouds,few clouds,,Clouds,58,58
344,2010,Canada,7,Canadian Grand Prix,Circuit Gilles Villeneuve,45.5,-73.5228,5633456,2010-06-13 16:00:00,2010-06-13,http://en.wikipedia.org/wiki/2010_Canadian_Grand_Prix,23.59,0.0,4.6,60.0,Clear,Clear,clear sky,,Clouds,70,70
345,2010,Spain,12,European Grand Prix,Valencia Street Circuit,39.4589,-0.331667,6029571,2010-06-27 12:00:00,2010-06-27,http://en.wikipedia.org/wiki/2010_European_Grand_Prix,27.32,20.0,5.1,110.0,Clouds,Clouds,few clouds,,Clouds,57,57
346,2010,England,9,British Grand Prix,Silverstone Circuit,52.0786,-1.01694,5078200,2010-07-11 12:00:00,2010-07-11,http://en.wikipedia.org/wiki/2010_British_Grand_Prix,21.75,100.0,4.23,270.0,Clouds,Clouds,overcast clouds,,Clouds,52,52
347,2010,Germany,10,German Grand Prix,Hockenheimring,49.3278,8.56583,5258864,2010-07-25 12:00:00,2010-07-25,http://en.wikipedia.org/wiki/2010_German_Grand_Prix,21.03,0.0,1.5,0.0,Clear,Clear,clear sky,,Clear,67,67
348,2010,Hungary,11,Hungarian Grand Prix,Hungaroring,47.5789,19.2486,6065571,2010-08-01 12:00:00,2010-08-01,http://en.wikipedia.org/wiki/2010_Hungarian_Grand_Prix,28.58,40.0,2.6,240.0,Clouds,Clouds,scattered clouds,,Clear,70,70
349,2010,Belgium,13,Belgian Grand Prix,Circuit de Spa-Francorchamps,50.4372,5.97139,5344268,2010-08-29 12:00:00,2010-08-29,http://en.wikipedia.org/wiki/2010_Belgian_Grand_Prix,14.57,40.0,6.0,260.0,Rain,Rain,light rain,0.17,Rain,44,44
350,2010,Italy,14,Italian Grand Prix,Autodromo Nazionale di Monza,45.6156,9.28111,4584572,2010-09-12 12:00:00,2010-09-12,http://en.wikipedia.org/wiki/2010_Italian_Grand_Prix,22.62,20.0,1.0,130.0,Clear,Clouds,few clouds,,Clear,53,53
351,2010,Singapore,15,Singapore Grand Prix,Marina Bay Street Circuit,1.2914,103.864,7073579,2010-09-26 12:00:00,2010-09-26,http://en.wikipedia.org/wiki/2010_Singapore_Grand_Prix,29.87,75.0,1.5,230.0,Clouds,Haze,haze,,Rain,61,61
352,2010,Japan,22,Japanese Grand Prix,Suzuka Circuit,34.8431,136.541,5427323,2010-10-10 06:00:00,2010-10-10,http://en.wikipedia.org/wiki/2010_Japanese_Grand_Prix,24.58,40.0,5.7,320.0,Clouds,Clouds,scattered clouds,,Clouds,53,53
353,2010,South Korea,35,Korean Grand Prix,Korean International Circuit,34.7333,126.417,10100810,2010-10-24 05:00:00,2010-10-24,http://en.wikipedia.org/wiki/2010_Korean_Grand_Prix,18.7,100.0,5.38,47.0,Rain,Rain,light rain,0.61,Rain,55,55
354,2010,Brazil,18,Brazilian Grand Prix,Autódromo José Carlos Pace,-23.7036,-46.6997,5591803,2010-11-07 16:00:00,2010-11-07,http://en.wikipedia.org/wiki/2010_Brazilian_Grand_Prix,25.09,0.0,2.1,140.0,Rain,Clear,clear sky,,Clouds,71,71
355,2010,United Arab Emirates,24,Abu Dhabi Grand Prix,Yas Marina Circuit,24.4672,54.6031,5976837,2010-11-14 13:00:00,2010-11-14,http://en.wikipedia.org/wiki/2010_Abu_Dhabi_Grand_Prix,29.73,20.0,5.7,330.0,Clouds,Rain,light rain,0.18,Clear,55,55
841,2011,Australia,1,Australian Grand Prix,Albert Park Grand Prix Circuit,-37.8497,144.968,5370259,2011-03-27 06:00:00,2011-03-27,http://en.wikipedia.org/wiki/2011_Australian_Grand_Prix,17.29,97.0,4.1,160.0,Clouds,Clouds,overcast clouds,,Clouds,58,58
842,2011,Malaysia,2,Malaysian Grand Prix,Sepang International Circuit,2.76083,101.738,5859832,2011-04-10 08:00:00,2011-04-10,http://en.wikipedia.org/wiki/2011_Malaysian_Grand_Prix,28.06,75.0,1.0,220.0,Clouds,Rain,light rain,0.45,Haze,56,56
843,2011,China,17,Chinese Grand Prix,Shanghai International Circuit,31.3389,121.22,5818226,2011-04-17 07:00:00,2011-04-17,http://en.wikipedia.org/wiki/2011_Chinese_Grand_Prix,21.18,0.0,3.0,190.0,Clear,Clear,clear sky,,Clear,56,56
844,2011,Turkey,5,Turkish Grand Prix,Istanbul Park,40.9517,29.405,5417558,2011-05-08 12:00:00,2011-05-08,http://en.wikipedia.org/wiki/2011_Turkish_Grand_Prix,15.79,40.0,7.2,20.0,Clouds,Clouds,scattered clouds,,Clouds,58,58
845,2011,Spain,4,Spanish Grand Prix,Circuit de Barcelona-Catalunya,41.57,2.26111,5943301,2011-05-22 12:00:00,2011-05-22,http://en.wikipedia.org/wiki/2011_Spanish_Grand_Prix,24.93,20.0,4.1,130.0,Clouds,Clouds,few clouds,,Clouds,66,66
846,2011,Monaco,6,Monaco Grand Prix,Circuit de Monaco,43.7347,7.42056,7778373,2011-05-29 12:00:00,2011-05-29,http://en.wikipedia.org/wiki/2011_Monaco_Grand_Prix,20.33,20.0,2.6,110.0,Clouds,Clouds,few clouds,,Clouds,78,78
847,2011,Canada,7,Canadian Grand Prix,Circuit Gilles Villeneuve,45.5,-73.5228,14679537,2011-06-12 17:00:00,2011-06-12,http://en.wikipedia.org/wiki/2011_Canadian_Grand_Prix,17.59,100.0,4.1,150.0,Rain,Rain,light rain,0.96,Rain,70,70
848,2011,Spain,12,European Grand Prix,Valencia Street Circuit,39.4589,-0.331667,5976169,2011-06-26 12:00:00,2011-06-26,http://en.wikipedia.org/wiki/2011_European_Grand_Prix,29.47,0.0,5.1,110.0,Clear,Clear,clear sky,,Clear,57,57
849,2011,England,9,British Grand Prix,Silverstone Circuit,52.0786,-1.01694,5321196,2011-07-10 12:00:00,2011-07-10,http://en.wikipedia.org/wiki/2011_British_Grand_Prix,19.13,40.0,0.92,257.0,Clouds,Clouds,scattered clouds,,Clouds,52,52
850,2011,Germany,20,German Grand Prix,Nürburgring,50.3356,6.9475,5850334,2011-07-24 12:00:00,2011-07-24,http://en.wikipedia.org/wiki/2011_German_Grand_Prix,11.92,100.0,5.1,230.0,Rain,Rain,light rain,0.19,Rain,60,60
851,2011,Hungary,11,Hungarian Grand Prix,Hungaroring,47.5789,19.2486,6402337,2011-07-31 12:00:00,2011-07-31,http://en.wikipedia.org/wiki/2011_Hungarian_Grand_Prix,18.32,75.0,5.7,270.0,Rain,Rain,light rain,,Clouds,70,70
852,2011,Belgium,13,Belgian Grand Prix,Circuit de Spa-Francorchamps,50.4372,5.97139,5204893,2011-08-28 12:00:00,2011-08-28,http://en.wikipedia.org/wiki/2011_Belgian_Grand_Prix,14.14,40.0,7.0,240.0,Clouds,Clouds,scattered clouds,,Clouds,44,44
853,2011,Italy,14,Italian Grand Prix,Autodromo Nazionale di Monza,45.6156,9.28111,4846172,2011-09-11 12:00:00,2011-09-11,http://en.wikipedia.org/wiki/2011_Italian_Grand_Prix,26.54,0.0,1.5,80.0,Clear,Clear,clear sky,,Clouds,53,53
854,2011,Singapore,15,Singapore Grand Prix,Marina Bay Street Circuit,1.2914,103.864,7146757,2011-09-25 12:00:00,2011-09-25,http://en.wikipedia.org/wiki/2011_Singapore_Grand_Prix,30.01,75.0,2.6,210.0,Clouds,Haze,haze,,Clouds,61,61
855,2011,Japan,22,Japanese Grand Prix,Suzuka Circuit,34.8431,136.541,5453427,2011-10-09 06:00:00,2011-10-09,http://en.wikipedia.org/wiki/2011_Japanese_Grand_Prix,22.71,83.0,2.1,130.0,Clouds,Clouds,broken clouds,,Clouds,53,53
856,2011,South Korea,35,Korean Grand Prix,Korean International Circuit,34.7333,126.417,5881994,2011-10-16 06:00:00,2011-10-16,http://en.wikipedia.org/wiki/2011_Korean_Grand_Prix,19.01,75.0,4.1,290.0,Clouds,Rain,light intensity shower rain,0.11,Clouds,55,55
857,2011,India,68,Indian Grand Prix,Buddh International Circuit,28.3487,77.5331,5435002,2011-10-30 09:30:00,2011-10-30,http://en.wikipedia.org/wiki/2011_Indian_Grand_Prix,27.03,0.0,2.5,275.0,Clear,Clear,clear sky,,Clear,60,60
858,2011,United Arab Emirates,24,Abu Dhabi Grand Prix,Yas Marina Circuit,24.4672,54.6031,5831886,2011-11-13 13:00:00,2011-11-13,http://en.wikipedia.org/wiki/2011_Abu_Dhabi_Grand_Prix,27.36,0.0,3.6,330.0,Clouds,Clear,clear sky,,Clear,55,55
859,2011,Brazil,18,Brazilian Grand Prix,Autódromo José Carlos Pace,-23.7036,-46.6997,5537464,2011-11-27 16:00:00,2011-11-27,http://en.wikipedia.org/wiki/2011_Brazilian_Grand_Prix,23.37,75.0,4.6,170.0,Rain,Rain,moderate rain,1.98,Rain,71,71
860,2012,Australia,1,Australian Grand Prix,Albert Park Grand Prix Circuit,-37.8497,144.968,5649565,2012-03-18 06:00:00,2012-03-18,http://en.wikipedia.org/wiki/2012_Australian_Grand_Prix,20.24,0.0,4.6,150.0,Clear,Clear,clear sky,,Clear,58,58
861,2012,Malaysia,2,Malaysian Grand Prix,Sepang International Circuit,2.76083,101.738,9891812,2012-03-25 08:00:00,2012-03-25,http://en.wikipedia.org/wiki/2012_Malaysian_Grand_Prix,28.81,75.0,7.2,40.0,Clouds,Thunderstorm,thunderstorm,,Rain,56,56
862,2012,China,17,Chinese Grand Prix,Shanghai International Circuit,31.3389,121.22,5786929,2012-04-15 07:00:00,2012-04-15,http://en.wikipedia.org/wiki/2012_Chinese_Grand_Prix,20.4,0.0,1.0,0.0,Clear,Clear,clear sky,,Clear,56,56
863,2012,Bahrain,3,Bahrain Grand Prix,Bahrain International Circuit,26.0325,50.5106,5710990,2012-04-22 12:00:00,2012-04-22,http://en.wikipedia.org/wiki/2012_Bahrain_Grand_Prix,24.16,17.0,3.37,19.0,Clouds,Clouds,few clouds,,Clear,57,57
864,2012,Spain,4,Spanish Grand Prix,Circuit de Barcelona-Catalunya,41.57,2.26111,5949145,2012-05-13 12:00:00,2012-05-13,http://en.wikipedia.org/wiki/2012_Spanish_Grand_Prix,23.2,40.0,4.1,120.0,Clouds,Clouds,scattered clouds,,Clouds,66,66
865,2012,Monaco,6,Monaco Grand Prix,Circuit de Monaco,43.7347,7.42056,6366557,2012-05-27 12:00:00,2012-05-27,http://en.wikipedia.org/wiki/2012_Monaco_Grand_Prix,19.5,75.0,3.1,130.0,Clouds,Clouds,broken clouds,,Clouds,78,78
866,2012,Canada,7,Canadian Grand Prix,Circuit Gilles Villeneuve,45.5,-73.5228,5549586,2012-06-10 18:00:00,2012-06-10,http://en.wikipedia.org/wiki/2012_Canadian_Grand_Prix,25.97,0.0,3.09,100.0,Clear,Clear,clear sky,,Clear,70,70
867,2012,Spain,12,European Grand Prix,Valencia Street Circuit,39.4589,-0.331667,6256649,2012-06-24 12:00:00,2012-06-24,http://en.wikipedia.org/wiki/2012_European_Grand_Prix,28.16,0.0,6.7,110.0,Clear,Clear,clear sky,,Clouds,57,57
868,2012,England,9,British Grand Prix,Silverstone Circuit,52.0786,-1.01694,5111288,2012-07-08 12:00:00,2012-07-08,http://en.wikipedia.org/wiki/2012_British_Grand_Prix,16.88,78.0,2.75,337.0,Rain,Rain,light rain,0.24,Rain,52,52
869,2012,Germany,10,German Grand Prix,Hockenheimring,49.3278,8.56583,5465862,2012-07-22 12:00:00,2012-07-22,http://en.wikipedia.org/wiki/2012_German_Grand_Prix,19.12,40.0,2.6,0.0,Clouds,Clouds,scattered clouds,,Clouds,67,67
870,2012,Hungary,11,Hungarian Grand Prix,Hungaroring,47.5789,19.2486,6065503,2012-07-29 12:00:00,2012-07-29,http://en.wikipedia.org/wiki/2012_Hungarian_Grand_Prix,29.46,0.0,3.6,80.0,Clear,Clear,clear sky,,Clear,70,69
871,2012,Belgium,13,Belgian Grand Prix,Circuit de Spa-Francorchamps,50.4372,5.97139,5348530,2012-09-02 12:00:00,2012-09-02,http://en.wikipedia.org/wiki/2012_Belgian_Grand_Prix,18.67,0.0,3.0,300.0,Clear,Clear,clear sky,,Clouds,44,44
872,2012,Italy,14,Italian Grand Prix,Autodromo Nazionale di Monza,45.6156,9.28111,4781221,2012-09-09 12:00:00,2012-09-09,http://en.wikipedia.org/wiki/2012_Italian_Grand_Prix,27.02,0.0,2.06,230.0,Clear,Clear,clear sky,,Clear,53,53
873,2012,Singapore,15,Singapore Grand Prix,Marina Bay Street Circuit,1.2914,103.864,7226144,2012-09-23 12:00:00,2012-09-23,http://en.wikipedia.org/wiki/2012_Singapore_Grand_Prix,29.93,75.0,1.54,230.0,Clouds,Haze,haze,,Clouds,61,59
874,2012,Japan,22,Japanese Grand Prix,Suzuka Circuit,34.8431,136.541,5336242,2012-10-07 06:00:00,2012-10-07,http://en.wikipedia.org/wiki/2012_Japanese_Grand_Prix,24.8,20.0,5.1,310.0,Clouds,Clouds,few clouds,,Clouds,53,53
875,2012,South Korea,35,Korean Grand Prix,Korean International Circuit,34.7333,126.417,5788651,2012-10-14 06:00:00,2012-10-14,http://en.wikipedia.org/wiki/2012_Korean_Grand_Prix,21.25,40.0,3.1,340.0,Clear,Clouds,scattered clouds,,Clear,55,55
876,2012,India,68,Indian Grand Prix,Buddh International Circuit,28.3487,77.5331,5470744,2012-10-28 09:30:00,2012-10-28,http://en.wikipedia.org/wiki/2012_Indian_Grand_Prix,26.39,0.0,2.31,330.0,Clear,Clear,clear sky,,Clear,60,60
877,2012,United Arab Emirates,24,Abu Dhabi Grand Prix,Yas Marina Circuit,24.4672,54.6031,6358667,2012-11-04 13:00:00,2012-11-04,http://en.wikipedia.org/wiki/2012_Abu_Dhabi_Grand_Prix,30.14,0.0,7.2,340.0,Clouds,Clear,clear sky,,Clear,55,55
878,2012,USA,69,United States Grand Prix,Circuit of the Americas,30.1328,-97.6411,5755269,2012-11-18 19:00:00,2012-11-18,http://en.wikipedia.org/wiki/2012_United_States_Grand_Prix,21.23,40.0,6.2,150.0,Clear,Clouds,scattered clouds,,Clouds,56,56
879,2012,Brazil,18,Brazilian Grand Prix,Autódromo José Carlos Pace,-23.7036,-46.6997,6322656,2012-11-25 16:00:00,2012-11-25,http://en.wikipedia.org/wiki/2012_Brazilian_Grand_Prix,20.44,100.0,6.2,180.0,Rain,Rain,light rain,0.91,Mist,71,71
880,2013,Australia,1,Australian Grand Prix,Albert Park Grand Prix Circuit,-37.8497,144.968,5403225,2013-03-17 06:00:00,2013-03-17,http://en.wikipedia.org/wiki/2013_Australian_Grand_Prix,16.81,91.0,7.2,190.0,Clouds,Clouds,overcast clouds,,Rain,58,58
881,2013,Malaysia,2,Malaysian Grand Prix,Sepang International Circuit,2.76083,101.738,5936681,2013-03-24 08:00:00,2013-03-24,http://en.wikipedia.org/wiki/2013_Malaysian_Grand_Prix,29.29,75.0,5.14,50.0,Clouds,Thunderstorm,thunderstorm,,Clouds,56,56
882,2013,China,17,Chinese Grand Prix,Shanghai International Circuit,31.3389,121.22,5786945,2013-04-14 07:00:00,2013-04-14,http://en.wikipedia.org/wiki/2013_Chinese_Grand_Prix,26.57,0.0,7.0,330.0,Clear,Clear,clear sky,,Clear,56,56
883,2013,Bahrain,3,Bahrain Grand Prix,Bahrain International Circuit,26.0325,50.5106,5760498,2013-04-21 12:00:00,2013-04-21,http://en.wikipedia.org/wiki/2013_Bahrain_Grand_Prix,24.76,0.0,10.5,360.0,Clear,Clear,clear sky,,Clear,57,57
884,2013,Spain,4,Spanish Grand Prix,Circuit de Barcelona-Catalunya,41.57,2.26111,5956596,2013-05-12 12:00:00,2013-05-12,http://en.wikipedia.org/wiki/2013_Spanish_Grand_Prix,20.9,20.0,6.2,120.0,Clouds,Clouds,few clouds,,Clouds,66,66
885,2013,Monaco,6,Monaco Grand Prix,Circuit de Monaco,43.7347,7.42056,8272056,2013-05-26 12:00:00,2013-05-26,http://en.wikipedia.org/wiki/2013_Monaco_Grand_Prix,18.32,20.0,4.12,160.0,Clouds,Clouds,few clouds,,Clouds,78,78
886,2013,Canada,7,Canadian Grand Prix,Circuit Gilles Villeneuve,45.5,-73.5228,5529143,2013-06-09 18:00:00,2013-06-09,http://en.wikipedia.org/wiki/2013_Canadian_Grand_Prix,22.68,40.0,7.72,300.0,Clouds,Clouds,scattered clouds,,Clouds,70,70
887,2013,England,9,British Grand Prix,Silverstone Circuit,52.0786,-1.01694,5579456,2013-06-30 12:00:00,2013-06-30,http://en.wikipedia.org/wiki/2013_British_Grand_Prix,21.22,25.0,6.23,246.0,Clouds,Clouds,scattered clouds,,Clouds,52,52
888,2013,Germany,20,German Grand Prix,Nürburgring,50.3356,6.9475,6074711,2013-07-07 12:00:00,2013-07-07,http://en.wikipedia.org/wiki/2013_German_Grand_Prix,23.0,1.0,3.98,53.0,Clear,Clear,clear sky,,Clear,60,60
890,2013,Hungary,11,Hungarian Grand Prix,Hungaroring,47.5789,19.2486,6149445,2013-07-28 12:00:00,2013-07-28,http://en.wikipedia.org/wiki/2013_Hungarian_Grand_Prix,34.46,0.0,5.14,200.0,Clear,Clear,clear sky,,Clear,70,70
891,2013,Belgium,13,Belgian Grand Prix,Circuit de Spa-Francorchamps,50.4372,5.97139,5022196,2013-08-25 12:00:00,2013-08-25,http://en.wikipedia.org/wiki/2013_Belgian_Grand_Prix,16.76,100.0,2.0,330.0,Rain,Rain,light rain,0.1,Clouds,44,44
892,2013,Italy,14,Italian Grand Prix,Autodromo Nazionale di Monza,45.6156,9.28111,4713352,2013-09-08 12:00:00,2013-09-08,http://en.wikipedia.org/wiki/2013_Italian_Grand_Prix,24.04,75.0,3.6,120.0,Rain,Rain,light rain,0.24,Rain,53,53
893,2013,Singapore,15,Singapore Grand Prix,Marina Bay Street Circuit,1.2914,103.864,7153132,2013-09-22 12:00:00,2013-09-22,http://en.wikipedia.org/wiki/2013_Singapore_Grand_Prix,29.01,75.0,4.12,190.0,Clouds,Clouds,broken clouds,,Clouds,61,61
894,2013,South Korea,35,Korean Grand Prix,Korean International Circuit,34.7333,126.417,6193701,2013-10-06 06:00:00,2013-10-06,http://en.wikipedia.org/wiki/2013_Korean_Grand_Prix,24.02,20.0,1.5,90.0,Clouds,Clouds,few clouds,,Clouds,55,55
895,2013,Japan,22,Japanese Grand Prix,Suzuka Circuit,34.8431,136.541,5209301,2013-10-13 06:00:00,2013-10-13,http://en.wikipedia.org/wiki/2013_Japanese_Grand_Prix,24.43,0.0,6.7,320.0,Clear,Clear,clear sky,,Clear,53,53
896,2013,India,68,Indian Grand Prix,Buddh International Circuit,28.3487,77.5331,5472187,2013-10-27 09:30:00,2013-10-27,http://en.wikipedia.org/wiki/2013_Indian_Grand_Prix,27.38,18.0,3.44,322.0,Clouds,Clouds,few clouds,,Clear,60,60
897,2013,United Arab Emirates,24,Abu Dhabi Grand Prix,Yas Marina Circuit,24.4672,54.6031,5886106,2013-11-03 13:00:00,2013-11-03,http://en.wikipedia.org/wiki/2013_Abu_Dhabi_Grand_Prix,33.14,0.0,4.63,340.0,Clear,Clear,clear sky,,Clear,55,55
898,2013,USA,69,United States Grand Prix,Circuit of the Americas,30.1328,-97.6411,5957148,2013-11-17 19:00:00,2013-11-17,http://en.wikipedia.org/wiki/2013_United_States_Grand_Prix,29.01,20.0,5.14,170.0,Clear,Clouds,few clouds,,Clouds,56,56
899,2013,Brazil,18,Brazilian Grand Prix,Autódromo José Carlos Pace,-23.7036,-46.6997,5556300,2013-11-24 16:00:00,2013-11-24,http://en.wikipedia.org/wiki/2013_Brazilian_Grand_Prix,20.9,100.0,5.14,150.0,Rain,Rain,moderate rain,1.7,Rain,71,71
900,2014,Australia,1,Australian Grand Prix,Albert Park Grand Prix Circuit,-37.8497,144.968,5578710,2014-03-16 06:00:00,2014-03-16,http://en.wikipedia.org/wiki/2014_Australian_Grand_Prix,18.29,100.0,10.3,270.0,Clouds,Rain,light rain,0.37,Rain,58,57
901,2014,Malaysia,2,Malaysian Grand Prix,Sepang International Circuit,2.76083,101.738,6025974,2014-03-30 08:00:00,2014-03-30,http://en.wikipedia.org/wiki/2014_Malaysian_Grand_Prix,31.6,75.0,4.63,190.0,Clouds,Clouds,broken clouds,,Thunderstorm,56,56
902,2014,Bahrain,3,Bahrain Grand Prix,Bahrain International Circuit,26.0325,50.5106,5982743,2014-04-06 15:00:00,2014-04-06,http://en.wikipedia.org/wiki/2014_Bahrain_Grand_Prix,22.28,0.0,5.87,2.0,Clear,Clear,clear sky,,Clear,57,57
903,2014,China,17,Chinese Grand Prix,Shanghai International Circuit,31.3389,121.22,5608338,2014-04-20 07:00:00,2014-04-20,http://en.wikipedia.org/wiki/2014_Chinese_Grand_Prix,17.57,75.0,3.0,40.0,Clouds,Clouds,broken clouds,,Clouds,56,54
904,2014,Spain,4,Spanish Grand Prix,Circuit de Barcelona-Catalunya,41.57,2.26111,6065155,2014-05-11 12:00:00,2014-05-11,http://en.wikipedia.org/wiki/2014_Spanish_Grand_Prix,23.46,40.0,7.2,130.0,Clouds,Clouds,scattered clouds,,Clouds,66,66
905,2014,Monaco,6,Monaco Grand Prix,Circuit de Monaco,43.7347,7.42056,6567661,2014-05-25 12:00:00,2014-05-25,http://en.wikipedia.org/wiki/2014_Monaco_Grand_Prix,16.63,75.0,2.1,170.0,Clouds,Clouds,broken clouds,,Clouds,78,78
906,2014,Canada,7,Canadian Grand Prix,Circuit Gilles Villeneuve,45.5,-73.5228,5952830,2014-06-08 18:00:00,2014-06-08,http://en.wikipedia.org/wiki/2014_Canadian_Grand_Prix,27.18,0.0,5.14,250.0,Clouds,Clear,clear sky,,Clear,70,70
907,2014,Austria,70,Austrian Grand Prix,Red Bull Ring,47.2197,14.7647,5274976,2014-06-22 12:00:00,2014-06-22,http://en.wikipedia.org/wiki/2014_Austrian_Grand_Prix,24.99,20.0,2.0,0.0,Rain,Clouds,few clouds,,Clouds,71,71
908,2014,England,9,British Grand Prix,Silverstone Circuit,52.0786,-1.01694,8812094,2014-07-06 12:00:00,2014-07-06,http://en.wikipedia.org/wiki/2014_British_Grand_Prix,18.17,99.0,3.77,263.0,Clouds,Clouds,overcast clouds,,Clouds,52,52
909,2014,Germany,10,German Grand Prix,Hockenheimring,49.3278,8.56583,5622914,2014-07-20 12:00:00,2014-07-20,http://en.wikipedia.org/wiki/2014_German_Grand_Prix,25.95,0.0,4.12,190.0,Clear,Clear,clear sky,,Clear,67,67
910,2014,Hungary,11,Hungarian Grand Prix,Hungaroring,47.5789,19.2486,6785058,2014-07-27 12:00:00,2014-07-27,http://en.wikipedia.org/wiki/2014_Hungarian_Grand_Prix,22.37,75.0,2.0,50.0,Thunderstorm,Rain,light rain,0.86,Rain,70,70
911,2014,Belgium,13,Belgian Grand Prix,Circuit de Spa-Francorchamps,50.4372,5.97139,5076556,2014-08-24 12:00:00,2014-08-24,http://en.wikipedia.org/wiki/2014_Belgian_Grand_Prix,14.22,40.0,4.0,270.0,Clouds,Clouds,scattered clouds,,Clouds,44,44
912,2014,Italy,14,Italian Grand Prix,Autodromo Nazionale di Monza,45.6156,9.28111,4750236,2014-09-07 12:00:00,2014-09-07,http://en.wikipedia.org/wiki/2014_Italian_Grand_Prix,24.78,0.0,2.1,150.0,Clear,Clear,clear sky,,Clouds,53,53
913,2014,Singapore,15,Singapore Grand Prix,Marina Bay Street Circuit,1.2914,103.864,7204795,2014-09-21 12:00:00,2014-09-21,http://en.wikipedia.org/wiki/2014_Singapore_Grand_Prix,29.93,75.0,3.6,210.0,Haze,Haze,haze,,Haze,61,60
914,2014,Japan,22,Japanese Grand Prix,Suzuka Circuit,34.8431,136.541,6703021,2014-10-05 06:00:00,2014-10-05,http://en.wikipedia.org/wiki/2014_Japanese_Grand_Prix,20.94,100.0,2.1,360.0,Rain,Rain,light intensity shower rain,0.37,Rain,53,44
915,2014,Russia,71,Russian Grand Prix,Sochi Autodrom,43.4057,39.9578,5510744,2014-10-12 11:00:00,2014-10-12,http://en.wikipedia.org/wiki/2014_Russian_Grand_Prix,21.46,20.0,3.0,250.0,Clouds,Clouds,few clouds,,Clouds,53,53
916,2014,USA,69,United States Grand Prix,Circuit of the Americas,30.1328,-97.6411,6004785,2014-11-02 20:00:00,2014-11-02,http://en.wikipedia.org/wiki/2014_United_States_Grand_Prix,22.98,75.0,6.7,150.0,Clouds,Clouds,broken clouds,,Clouds,56,56
917,2014,Brazil,18,Brazilian Grand Prix,Autódromo José Carlos Pace,-23.7036,-46.6997,5402555,2014-11-09 16:00:00,2014-11-09,http://en.wikipedia.org/wiki/2014_Brazilian_Grand_Prix,24.51,75.0,5.7,150.0,Rain,Rain,light rain,0.22,Rain,71,71
918,2014,United Arab Emirates,24,Abu Dhabi Grand Prix,Yas Marina Circuit,24.4672,54.6031,5942619,2014-11-23 13:00:00,2014-11-23,http://en.wikipedia.org/wiki/2014_Abu_Dhabi_Grand_Prix,27.14,0.0,3.1,330.0,Clear,Clear,clear sky,,Clear,55,55
926,2015,Australia,1,Australian Grand Prix,Albert Park Grand Prix Circuit,-37.8497,144.968,5514067,2015-03-15 05:00:00,2015-03-15,http://en.wikipedia.org/wiki/2015_Australian_Grand_Prix,17.84,0.0,8.2,210.0,Clear,Clear,clear sky,,Clear,58,58
927,2015,Malaysia,2,Malaysian Grand Prix,Sepang International Circuit,2.76083,101.738,6065793,2015-03-29 07:00:00,2015-03-29,http://en.wikipedia.org/wiki/2015_Malaysian_Grand_Prix,30.43,75.0,1.5,120.0,Rain,Clouds,broken clouds,,Clouds,56,56
928,2015,China,17,Chinese Grand Prix,Shanghai International Circuit,31.3389,121.22,5982008,2015-04-12 06:00:00,2015-04-12,http://en.wikipedia.org/wiki/2015_Chinese_Grand_Prix,20.2,6.0,2.98,166.0,Clear,Clear,clear sky,,Clouds,56,56
929,2015,Bahrain,3,Bahrain Grand Prix,Bahrain International Circuit,26.0325,50.5106,5705809,2015-04-19 15:00:00,2015-04-19,http://en.wikipedia.org/wiki/2015_Bahrain_Grand_Prix,24.19,0.0,7.24,352.0,Clear,Clear,clear sky,,Clear,57,57
930,2015,Spain,4,Spanish Grand Prix,Circuit de Barcelona-Catalunya,41.57,2.26111,6072555,2015-05-10 12:00:00,2015-05-10,http://en.wikipedia.org/wiki/2015_Spanish_Grand_Prix,25.26,0.0,4.1,260.0,Clear,Clear,clear sky,,Clear,66,66
931,2015,Monaco,6,Monaco Grand Prix,Circuit de Monaco,43.7347,7.42056,6558420,2015-05-24 12:00:00,2015-05-24,http://en.wikipedia.org/wiki/2015_Monaco_Grand_Prix,17.52,40.0,3.6,140.0,Clouds,Clouds,scattered clouds,,Clouds,78,78
932,2015,Canada,7,Canadian Grand Prix,Circuit Gilles Villeneuve,45.5,-73.5228,5513145,2015-06-07 18:00:00,2015-06-07,http://en.wikipedia.org/wiki/2015_Canadian_Grand_Prix,20.74,100.0,5.7,160.0,Clouds,Clouds,overcast clouds,,Clouds,70,70
933,2015,Austria,70,Austrian Grand Prix,Red Bull Ring,47.2197,14.7647,5416930,2015-06-21 12:00:00,2015-06-21,http://en.wikipedia.org/wiki/2015_Austrian_Grand_Prix,14.66,40.0,2.0,0.0,Clouds,Clouds,scattered clouds,,Clouds,71,71
934,2015,England,9,British Grand Prix,Silverstone Circuit,52.0786,-1.01694,5487729,2015-07-05 12:00:00,2015-07-05,http://en.wikipedia.org/wiki/2015_British_Grand_Prix,19.25,71.0,3.99,235.0,Clouds,Clouds,broken clouds,,Clouds,52,52
936,2015,Hungary,11,Hungarian Grand Prix,Hungaroring,47.5789,19.2486,6369985,2015-07-26 12:00:00,2015-07-26,http://en.wikipedia.org/wiki/2015_Hungarian_Grand_Prix,24.39,0.0,6.7,290.0,Clear,Clear,clear sky,,Clear,70,69
937,2015,Belgium,13,Belgian Grand Prix,Circuit de Spa-Francorchamps,50.4372,5.97139,5020387,2015-08-23 12:00:00,2015-08-23,http://en.wikipedia.org/wiki/2015_Belgian_Grand_Prix,24.43,0.0,8.0,150.0,Clouds,Clear,clear sky,,Rain,44,43
938,2015,Italy,14,Italian Grand Prix,Autodromo Nazionale di Monza,45.6156,9.28111,4680688,2015-09-06 12:00:00,2015-09-06,http://en.wikipedia.org/wiki/2015_Italian_Grand_Prix,21.74,19.0,1.0,80.0,Clear,Clouds,few clouds,,Clouds,53,53
939,2015,Singapore,15,Singapore Grand Prix,Marina Bay Street Circuit,1.2914,103.864,7282118,2015-09-20 12:00:00,2015-09-20,http://en.wikipedia.org/wiki/2015_Singapore_Grand_Prix,30.87,75.0,3.1,40.0,Clouds,Clouds,broken clouds,,Clouds,61,61
940,2015,Japan,22,Japanese Grand Prix,Suzuka Circuit,34.8431,136.541,5286508,2015-09-27 05:00:00,2015-09-27,http://en.wikipedia.org/wiki/2015_Japanese_Grand_Prix,27.32,2.0,4.1,290.0,Clear,Clear,clear sky,,Clouds,53,53
941,2015,Russia,71,Russian Grand Prix,Sochi Autodrom,43.4057,39.9578,5831024,2015-10-11 11:00:00,2015-10-11,http://en.wikipedia.org/wiki/2015_Russian_Grand_Prix,17.19,0.0,3.0,160.0,Clear,Clear,clear sky,,Clouds,53,53
942,2015,USA,69,United States Grand Prix,Circuit of the Americas,30.1328,-97.6411,6652703,2015-10-25 19:00:00,2015-10-25,http://en.wikipedia.org/wiki/2015_United_States_Grand_Prix,18.41,100.0,7.2,340.0,Clouds,Rain,light rain,0.22,Clouds,56,56
943,2015,Mexico,32,Mexican Grand Prix,Autódromo Hermanos Rodríguez,19.4042,-99.0907,6155038,2015-11-01 19:00:00,2015-11-01,http://en.wikipedia.org/wiki/2015_Mexican_Grand_Prix,21.82,40.0,1.5,0.0,Smoke,Clouds,scattered clouds,,Rain,71,71
944,2015,Brazil,18,Brazilian Grand Prix,Autódromo José Carlos Pace,-23.7036,-46.6997,5469090,2015-11-15 16:00:00,2015-11-15,http://en.wikipedia.org/wiki/2015_Brazilian_Grand_Prix,25.85,75.0,2.1,0.0,Rain,Clouds,broken clouds,,Clouds,71,71
945,2015,United Arab Emirates,24,Abu Dhabi Grand Prix,Yas Marina Circuit,24.4672,54.6031,5910175,2015-11-29 13:00:00,2015-11-29,http://en.wikipedia.org/wiki/2015_Abu_Dhabi_Grand_Prix,27.54,20.0,6.2,310.0,Clouds,Clouds,few clouds,,Clouds,55,55
948,2016,Australia,1,Australian Grand Prix,Albert Park Grand Prix Circuit,-37.8497,144.968,6495565,2016-03-20 05:00:00,2016-03-20,http://en.wikipedia.org/wiki/2016_Australian_Grand_Prix,22.21,0.0,6.2,150.0,Clear,Clear,clear sky,,Clear,58,57
949,2016,Bahrain,3,Bahrain Grand Prix,Bahrain International Circuit,26.0325,50.5106,5614696,2016-04-03 15:00:00,2016-04-03,http://en.wikipedia.org/wiki/2016_Bahrain_Grand_Prix,21.38,7.0,3.71,77.0,Clear,Clear,clear sky,,Clouds,57,57
950,2016,China,17,Chinese Grand Prix,Shanghai International Circuit,31.3389,121.22,5933891,2016-04-17 06:00:00,2016-04-17,http://en.wikipedia.org/wiki/2016_Chinese_Grand_Prix,21.41,0.0,3.0,90.0,Clear,Clear,clear sky,,Clear,56,56
951,2016,Russia,71,Russian Grand Prix,Sochi Autodrom,43.4057,39.9578,5561997,2016-05-01 12:00:00,2016-05-01,http://en.wikipedia.org/wiki/2016_Russian_Grand_Prix,17.14,40.0,3.6,180.0,Clouds,Clouds,scattered clouds,,Clouds,53,53
952,2016,Spain,4,Spanish Grand Prix,Circuit de Barcelona-Catalunya,41.57,2.26111,6100017,2016-05-15 12:00:00,2016-05-15,http://en.wikipedia.org/wiki/2016_Spanish_Grand_Prix,23.4,40.0,5.7,120.0,Clouds,Clouds,scattered clouds,,Clouds,66,66
953,2016,Monaco,6,Monaco Grand Prix,Circuit de Monaco,43.7347,7.42056,7169133,2016-05-29 12:00:00,2016-05-29,http://en.wikipedia.org/wiki/2016_Monaco_Grand_Prix,17.59,75.0,4.63,200.0,Rain,Rain,light rain,0.16,Clouds,78,78
954,2016,Canada,7,Canadian Grand Prix,Circuit Gilles Villeneuve,45.5,-73.5228,5465296,2016-06-12 18:00:00,2016-06-12,http://en.wikipedia.org/wiki/2016_Canadian_Grand_Prix,12.14,100.0,7.2,290.0,Rain,Clouds,overcast clouds,,Clouds,70,70
955,2016,Azerbaijan,73,European Grand Prix,Baku City Circuit,40.3725,49.8533,5572366,2016-06-19 13:00:00,2016-06-19,http://en.wikipedia.org/wiki/2016_European_Grand_Prix,26.97,0.0,5.7,350.0,Clouds,Clear,clear sky,,Clear,51,51
956,2016,Austria,70,Austrian Grand Prix,Red Bull Ring,47.2197,14.7647,5258107,2016-07-03 12:00:00,2016-07-03,http://en.wikipedia.org/wiki/2016_Austrian_Grand_Prix,15.58,75.0,1.03,0.0,Rain,Clouds,broken clouds,,Rain,71,71
957,2016,England,9,British Grand Prix,Silverstone Circuit,52.0786,-1.01694,5695831,2016-07-10 12:00:00,2016-07-10,http://en.wikipedia.org/wiki/2016_British_Grand_Prix,19.84,32.0,6.78,216.0,Rain,Clouds,scattered clouds,,Clouds,52,52
958,2016,Hungary,11,Hungarian Grand Prix,Hungaroring,47.5789,19.2486,6030115,2016-07-24 12:00:00,2016-07-24,http://en.wikipedia.org/wiki/2016_Hungarian_Grand_Prix,28.46,0.0,3.6,120.0,Clear,Clear,clear sky,,Clear,70,70
959,2016,Germany,10,German Grand Prix,Hockenheimring,49.3278,8.56583,5444200,2016-07-31 12:00:00,2016-07-31,http://en.wikipedia.org/wiki/2016_German_Grand_Prix,24.53,0.0,3.1,290.0,Clear,Clear,clear sky,,Clear,67,67
960,2016,Belgium,13,Belgian Grand Prix,Circuit de Spa-Francorchamps,50.4372,5.97139,6291058,2016-08-28 12:00:00,2016-08-28,http://en.wikipedia.org/wiki/2016_Belgian_Grand_Prix,24.9,20.0,5.0,270.0,Clouds,Clouds,few clouds,,Clouds,44,44
961,2016,Italy,14,Italian Grand Prix,Autodromo Nazionale di Monza,45.6156,9.28111,4648089,2016-09-04 12:00:00,2016-09-04,http://en.wikipedia.org/wiki/2016_Italian_Grand_Prix,31.38,0.0,2.06,0.0,Clear,Clear,clear sky,,Clear,53,53
962,2016,Singapore,15,Singapore Grand Prix,Marina Bay Street Circuit,1.2914,103.864,6948950,2016-09-18 12:00:00,2016-09-18,http://en.wikipedia.org/wiki/2016_Singapore_Grand_Prix,31.11,75.0,2.1,270.0,Clouds,Rain,light rain,0.17,Rain,61,61
963,2016,Malaysia,2,Malaysian Grand Prix,Sepang International Circuit,2.76083,101.738,5832776,2016-10-02 07:00:00,2016-10-02,http://en.wikipedia.org/wiki/2016_Malaysian_Grand_Prix,33.76,75.0,5.14,300.0,Clouds,Clouds,broken clouds,,Clouds,56,56
964,2016,Japan,22,Japanese Grand Prix,Suzuka Circuit,34.8431,136.541,5203333,2016-10-09 05:00:00,2016-10-09,http://en.wikipedia.org/wiki/2016_Japanese_Grand_Prix,22.16,95.0,6.7,330.0,Clouds,Clouds,overcast clouds,,Clouds,53,53
965,2016,USA,69,United States Grand Prix,Circuit of the Americas,30.1328,-97.6411,5892618,2016-10-23 19:00:00,2016-10-23,http://en.wikipedia.org/wiki/2016_United_States_Grand_Prix,26.81,75.0,5.7,170.0,Clear,Clouds,broken clouds,,Clouds,56,56
966,2016,Mexico,32,Mexican Grand Prix,Autódromo Hermanos Rodríguez,19.4042,-99.0907,6031402,2016-10-30 19:00:00,2016-10-30,http://en.wikipedia.org/wiki/2016_Mexican_Grand_Prix,19.77,75.0,2.6,90.0,Haze,Clouds,broken clouds,,Clouds,71,71
967,2016,Brazil,18,Brazilian Grand Prix,Autódromo José Carlos Pace,-23.7036,-46.6997,10861335,2016-11-13 16:00:00,2016-11-13,http://en.wikipedia.org/wiki/2016_Brazilian_Grand_Prix,18.74,100.0,4.12,160.0,Rain,Rain,light rain,0.66,Rain,71,71
968,2016,United Arab Emirates,24,Abu Dhabi Grand Prix,Yas Marina Circuit,24.4672,54.6031,5884013,2016-11-27 13:00:00,2016-11-27,http://en.wikipedia.org/wiki/2016_Abu_Dhabi_Grand_Prix,27.14,0.0,5.14,340.0,Clear,Clear,clear sky,,Clear,55,55
969,2017,Australia,1,Australian Grand Prix,Albert Park Grand Prix Circuit,-37.8497,144.968,5051672,2017-03-26 05:00:00,2017-03-26,http://en.wikipedia.org/wiki/2017_Australian_Grand_Prix,25.03,0.0,5.7,200.0,Clear,Clear,clear sky,,Clear,58,57
970,2017,China,17,Chinese Grand Prix,Shanghai International Circuit,31.3389,121.22,5856158,2017-04-09 06:00:00,2017-04-09,http://en.wikipedia.org/wiki/2017_Chinese_Grand_Prix,13.05,100.0,6.0,40.0,Mist,Mist,mist,,Mist,56,56
971,2017,Bahrain,3,Bahrain Grand Prix,Bahrain International Circuit,26.0325,50.5106,5633374,2017-04-16 15:00:00,2017-04-16,http://en.wikipedia.org/wiki/2017_Bahrain_Grand_Prix,24.52,0.0,10.62,336.0,Clear,Clear,clear sky,,Clouds,57,57
972,2017,Russia,71,Russian Grand Prix,Sochi Autodrom,43.4057,39.9578,5288743,2017-04-30 12:00:00,2017-04-30,http://en.wikipedia.org/wiki/2017_Russian_Grand_Prix,19.88,20.0,4.0,270.0,Clouds,Clouds,few clouds,,Clouds,53,52
973,2017,Spain,4,Spanish Grand Prix,Circuit de Barcelona-Catalunya,41.57,2.26111,5756497,2017-05-14 12:00:00,2017-05-14,http://en.wikipedia.org/wiki/2017_Spanish_Grand_Prix,24.22,20.0,5.7,120.0,Clouds,Clouds,few clouds,,Clouds,66,66
974,2017,Monaco,6,Monaco Grand Prix,Circuit de Monaco,43.7347,7.42056,6284340,2017-05-28 12:00:00,2017-05-28,http://en.wikipedia.org/wiki/2017_Monaco_Grand_Prix,21.99,20.0,3.1,110.0,Clouds,Clouds,few clouds,,Clouds,78,78
975,2017,Canada,7,Canadian Grand Prix,Circuit Gilles Villeneuve,45.5,-73.5228,5585154,2017-06-11 18:00:00,2017-06-11,http://en.wikipedia.org/wiki/2017_Canadian_Grand_Prix,28.2,100.0,9.8,230.0,Clouds,Clouds,overcast clouds,,Clear,70,70
976,2017,Azerbaijan,73,Azerbaijan Grand Prix,Baku City Circuit,40.3725,49.8533,7435573,2017-06-25 13:00:00,2017-06-25,http://en.wikipedia.org/wiki/2017_Azerbaijan_Grand_Prix,26.03,20.0,5.7,350.0,Clouds,Clouds,few clouds,,Clouds,51,51
977,2017,Austria,70,Austrian Grand Prix,Red Bull Ring,47.2197,14.7647,4908523,2017-07-09 12:00:00,2017-07-09,http://en.wikipedia.org/wiki/2017_Austrian_Grand_Prix,27.19,40.0,5.14,80.0,Clouds,Clouds,scattered clouds,,Clouds,71,71
978,2017,England,9,British Grand Prix,Silverstone Circuit,52.0786,-1.01694,4887430,2017-07-16 12:00:00,2017-07-16,http://en.wikipedia.org/wiki/2017_British_Grand_Prix,20.87,92.0,5.11,258.0,Clouds,Clouds,overcast clouds,,Rain,52,51
979,2017,Hungary,11,Hungarian Grand Prix,Hungaroring,47.5789,19.2486,5986713,2017-07-30 12:00:00,2017-07-30,http://en.wikipedia.org/wiki/2017_Hungarian_Grand_Prix,29.46,0.0,3.1,150.0,Clear,Clear,clear sky,,Clear,70,70
980,2017,Belgium,13,Belgian Grand Prix,Circuit de Spa-Francorchamps,50.4372,5.97139,5082820,2017-08-27 12:00:00,2017-08-27,http://en.wikipedia.org/wiki/2017_Belgian_Grand_Prix,22.24,40.0,2.06,10.0,Clear,Clouds,scattered clouds,,Clouds,44,44
981,2017,Italy,14,Italian Grand Prix,Autodromo Nazionale di Monza,45.6156,9.28111,4532312,2017-09-03 12:00:00,2017-09-03,http://en.wikipedia.org/wiki/2017_Italian_Grand_Prix,22.51,0.0,1.03,0.0,Clear,Clear,clear sky,,Clouds,53,53
982,2017,Singapore,15,Singapore Grand Prix,Marina Bay Street Circuit,1.2914,103.864,7403544,2017-09-17 12:00:00,2017-09-17,http://en.wikipedia.org/wiki/2017_Singapore_Grand_Prix,27.93,40.0,4.12,170.0,Rain,Thunderstorm,thunderstorm with rain,1.26,Rain,61,58
983,2017,Malaysia,2,Malaysian Grand Prix,Sepang International Circuit,2.76083,101.738,5401290,2017-10-01 07:00:00,2017-10-01,http://en.wikipedia.org/wiki/2017_Malaysian_Grand_Prix,30.62,75.0,3.1,320.0,Rain,Clouds,broken clouds,,Clouds,56,56
984,2017,Japan,22,Japanese Grand Prix,Suzuka Circuit,34.8431,136.541,5251194,2017-10-08 05:00:00,2017-10-08,http://en.wikipedia.org/wiki/2017_Japanese_Grand_Prix,25.92,43.0,1.5,160.0,Clouds,Clouds,scattered clouds,,Clear,53,53
985,2017,USA,69,United States Grand Prix,Circuit of the Americas,30.1328,-97.6411,5630991,2017-10-22 19:00:00,2017-10-22,http://en.wikipedia.org/wiki/2017_United_States_Grand_Prix,23.48,20.0,5.7,360.0,Clear,Clouds,few clouds,,Clouds,56,56
986,2017,Mexico,32,Mexican Grand Prix,Autódromo Hermanos Rodríguez,19.4042,-99.0907,5786552,2017-10-29 19:00:00,2017-10-29,http://en.wikipedia.org/wiki/2017_Mexican_Grand_Prix,20.93,75.0,2.1,30.0,Haze,Clouds,broken clouds,,Clouds,71,71
987,2017,Brazil,18,Brazilian Grand Prix,Autódromo José Carlos Pace,-23.7036,-46.6997,5486262,2017-11-12 16:00:00,2017-11-12,http://en.wikipedia.org/wiki/2017_Brazilian_Grand_Prix,27.02,0.0,2.6,280.0,Clear,Clear,clear sky,,Clear,71,71
988,2017,United Arab Emirates,24,Abu Dhabi Grand Prix,Yas Marina Circuit,24.4672,54.6031,5654062,2017-11-26 13:00:00,2017-11-26,http://en.wikipedia.org/wiki/2017_Abu_Dhabi_Grand_Prix,25.14,40.0,5.7,330.0,Clouds,Clouds,scattered clouds,,Clouds,55,55
989,2018,Australia,1,Australian Grand Prix,Albert Park Grand Prix Circuit,-37.8497,144.968,5373283,2018-03-25 05:10:00,2018-03-25,http://en.wikipedia.org/wiki/2018_Australian_Grand_Prix,24.89,75.0,10.29,340.0,Clouds,Clouds,broken clouds,,Clouds,58,58
990,2018,Bahrain,3,Bahrain Grand Prix,Bahrain International Circuit,26.0325,50.5106,5521940,2018-04-08 15:10:00,2018-04-08,http://en.wikipedia.org/wiki/2018_Bahrain_Grand_Prix,24.17,18.0,5.99,44.0,Clouds,Clouds,few clouds,,Clear,57,57
991,2018,China,17,Chinese Grand Prix,Shanghai International Circuit,31.3389,121.22,5736380,2018-04-15 06:10:00,2018-04-15,http://en.wikipedia.org/wiki/2018_Chinese_Grand_Prix,19.71,0.0,3.0,360.0,Clear,Clear,clear sky,,Clear,56,56
992,2018,Azerbaijan,73,Azerbaijan Grand Prix,Baku City Circuit,40.3725,49.8533,6224291,2018-04-29 12:10:00,2018-04-29,http://en.wikipedia.org/wiki/2018_Azerbaijan_Grand_Prix,12.91,0.0,13.9,340.0,Clear,Clear,clear sky,,Clear,51,51
993,2018,Spain,4,Spanish Grand Prix,Circuit de Barcelona-Catalunya,41.57,2.26111,5729972,2018-05-13 13:10:00,2018-05-13,http://en.wikipedia.org/wiki/2018_Spanish_Grand_Prix,15.76,40.0,4.12,120.0,Rain,Clouds,scattered clouds,,Clouds,66,66
994,2018,Monaco,6,Monaco Grand Prix,Circuit de Monaco,43.7347,7.42056,6174807,2018-05-27 13:10:00,2018-05-27,http://en.wikipedia.org/wiki/2018_Monaco_Grand_Prix,21.58,0.0,5.14,120.0,Rain,Clear,clear sky,,Clear,78,78
995,2018,Canada,7,Canadian Grand Prix,Circuit Gilles Villeneuve,45.5,-73.5228,5311377,2018-06-10 18:10:00,2018-06-10,http://en.wikipedia.org/wiki/2018_Canadian_Grand_Prix,19.37,75.0,2.6,30.0,Clear,Clouds,broken clouds,,Clouds,70,68
996,2018,France,34,French Grand Prix,Circuit Paul Ricard,43.2506,5.79167,5411385,2018-06-24 14:10:00,2018-06-24,http://en.wikipedia.org/wiki/2018_French_Grand_Prix,23.83,93.0,1.14,239.0,Clouds,Rain,light rain,0.12,Rain,53,53
997,2018,Austria,70,Austrian Grand Prix,Red Bull Ring,47.2197,14.7647,4916024,2018-07-01 13:10:00,2018-07-01,http://en.wikipedia.org/wiki/2018_Austrian_Grand_Prix,21.19,20.0,4.12,90.0,Clouds,Clouds,few clouds,,Clouds,71,71
998,2018,England,9,British Grand Prix,Silverstone Circuit,52.0786,-1.01694,5249784,2018-07-08 13:10:00,2018-07-08,http://en.wikipedia.org/wiki/2018_British_Grand_Prix,28.13,6.0,3.37,341.0,Clear,Clear,clear sky,,Clear,52,52
999,2018,Germany,10,German Grand Prix,Hockenheimring,49.3278,8.56583,5549845,2018-07-22 13:10:00,2018-07-22,http://en.wikipedia.org/wiki/2018_German_Grand_Prix,25.04,40.0,3.1,310.0,Rain,Clouds,scattered clouds,,Clouds,67,67
1000,2018,Hungary,11,Hungarian Grand Prix,Hungaroring,47.5789,19.2486,5836427,2018-07-29 13:10:00,2018-07-29,http://en.wikipedia.org/wiki/2018_Hungarian_Grand_Prix,31.46,0.0,2.6,270.0,Clear,Clear,clear sky,,Clouds,70,70
1001,2018,Belgium,13,Belgian Grand Prix,Circuit de Spa-Francorchamps,50.4372,5.97139,5014476,2018-08-26 13:10:00,2018-08-26,http://en.wikipedia.org/wiki/2018_Belgian_Grand_Prix,16.78,100.0,4.0,190.0,Clouds,Clouds,overcast clouds,,Clouds,44,44
1002,2018,Italy,14,Italian Grand Prix,Autodromo Nazionale di Monza,45.6156,9.28111,4614484,2018-09-02 13:10:00,2018-09-02,http://en.wikipedia.org/wiki/2018_Italian_Grand_Prix,20.37,40.0,4.12,130.0,Clouds,Clouds,scattered clouds,,Clouds,53,53
1003,2018,Singapore,15,Singapore Grand Prix,Marina Bay Street Circuit,1.2914,103.864,6671611,2018-09-16 12:10:00,2018-09-16,http://en.wikipedia.org/wiki/2018_Singapore_Grand_Prix,29.01,75.0,3.1,170.0,Clouds,Clouds,broken clouds,,Clouds,61,61
1004,2018,Russia,71,Russian Grand Prix,Sochi Autodrom,43.4057,39.9578,5245181,2018-09-30 11:10:00,2018-09-30,http://en.wikipedia.org/wiki/2018_Russian_Grand_Prix,22.41,100.0,2.0,10.0,Clouds,Clouds,overcast clouds,,Clouds,53,53
1005,2018,Japan,22,Japanese Grand Prix,Suzuka Circuit,34.8431,136.541,5237062,2018-10-07 05:10:00,2018-10-07,http://en.wikipedia.org/wiki/2018_Japanese_Grand_Prix,27.05,24.0,5.1,310.0,Clouds,Clouds,few clouds,,Clouds,53,53
1006,2018,USA,69,United States Grand Prix,Circuit of the Americas,30.1328,-97.6411,5658643,2018-10-21 18:10:00,2018-10-21,http://en.wikipedia.org/wiki/2018_United_States_Grand_Prix,20.92,38.0,3.1,0.0,Clouds,Clouds,scattered clouds,,Clouds,56,56
1007,2018,Mexico,32,Mexican Grand Prix,Autódromo Hermanos Rodríguez,19.4042,-99.0907,5908851,2018-10-28 19:10:00,2018-10-28,http://en.wikipedia.org/wiki/2018_Mexican_Grand_Prix,19.08,75.0,1.54,190.0,Haze,Clouds,broken clouds,,Clouds,71,71
1008,2018,Brazil,18,Brazilian Grand Prix,Autódromo José Carlos Pace,-23.7036,-46.6997,5229066,2018-11-11 17:10:00,2018-11-11,http://en.wikipedia.org/wiki/2018_Brazilian_Grand_Prix,25.44,75.0,6.7,170.0,Rain,Rain,light rain,0.74,Rain,71,71
1009,2018,United Arab Emirates,24,Abu Dhabi Grand Prix,Yas Marina Circuit,24.4672,54.6031,5980382,2018-11-25 13:10:00,2018-11-25,http://en.wikipedia.org/wiki/2018_Abu_Dhabi_Grand_Prix,33.14,40.0,5.14,200.0,Clouds,Clouds,scattered clouds,,Rain,55,55
1010,2019,Australia,1,Australian Grand Prix,Albert Park Grand Prix Circuit,-37.8497,144.968,5127325,2019-03-17 05:10:00,2019-03-17,http://en.wikipedia.org/wiki/2019_Australian_Grand_Prix,25.03,0.0,6.2,170.0,Clear,Clear,clear sky,,Clear,58,58
1011,2019,Bahrain,3,Bahrain Grand Prix,Bahrain International Circuit,26.0325,50.5106,5661295,2019-03-31 15:10:00,2019-03-31,http://en.wikipedia.org/wiki/2019_Bahrain_Grand_Prix,24.57,90.0,11.57,98.0,Clouds,Clouds,overcast clouds,,Clouds,57,57
1012,2019,China,17,Chinese Grand Prix,Shanghai International Circuit,31.3389,121.22,5526350,2019-04-14 06:10:00,2019-04-14,http://en.wikipedia.org/wiki/2019_Chinese_Grand_Prix,21.63,0.0,7.0,30.0,Rain,Rain,heavy intensity rain,7.87,Rain,56,56
1013,2019,Azerbaijan,73,Azerbaijan Grand Prix,Baku City Circuit,40.3725,49.8533,5512942,2019-04-28 12:10:00,2019-04-28,http://en.wikipedia.org/wiki/2019_Azerbaijan_Grand_Prix,15.77,0.0,8.8,170.0,Clear,Clear,clear sky,,Clear,51,51
1014,2019,Spain,4,Spanish Grand Prix,Circuit de Barcelona-Catalunya,41.57,2.26111,5750443,2019-05-12 13:10:00,2019-05-12,http://en.wikipedia.org/wiki/2019_Spanish_Grand_Prix,18.97,20.0,5.7,120.0,Clouds,Clouds,few clouds,,Clouds,66,66
1015,2019,Monaco,6,Monaco Grand Prix,Circuit de Monaco,43.7347,7.42056,6208437,2019-05-26 13:10:00,2019-05-26,http://en.wikipedia.org/wiki/2019_Monaco_Grand_Prix,18.88,75.0,3.1,230.0,Clouds,Rain,light rain,0.23,Rain,78,78
1016,2019,Canada,7,Canadian Grand Prix,Circuit Gilles Villeneuve,45.5,-73.5228,5347084,2019-06-09 18:10:00,2019-06-09,http://en.wikipedia.org/wiki/2019_Canadian_Grand_Prix,28.69,0.0,5.14,210.0,Clear,Clear,clear sky,,Clear,70,70
1017,2019,France,34,French Grand Prix,Circuit Paul Ricard,43.2506,5.79167,5071198,2019-06-23 13:10:00,2019-06-23,http://en.wikipedia.org/wiki/2019_French_Grand_Prix,26.3,45.0,2.97,233.0,Clear,Clouds,scattered clouds,,Clouds,53,53
1018,2019,Austria,70,Austrian Grand Prix,Red Bull Ring,47.2197,14.7647,4921822,2019-06-30 13:10:00,2019-06-30,http://en.wikipedia.org/wiki/2019_Austrian_Grand_Prix,32.23,20.0,4.6,190.0,Clouds,Clouds,few clouds,,Clouds,71,71
1019,2019,England,9,British Grand Prix,Silverstone Circuit,52.0786,-1.01694,4868452,2019-07-14 13:10:00,2019-07-14,http://en.wikipedia.org/wiki/2019_British_Grand_Prix,19.55,100.0,2.48,44.0,Clouds,Clouds,overcast clouds,,Clouds,52,52
1020,2019,Germany,10,German Grand Prix,Hockenheimring,49.3278,8.56583,6271275,2019-07-28 13:10:00,2019-07-28,http://en.wikipedia.org/wiki/2019_German_Grand_Prix,21.63,75.0,3.6,260.0,Thunderstorm,Thunderstorm,thunderstorm,0.24,Rain,67,64
1021,2019,Hungary,11,Hungarian Grand Prix,Hungaroring,47.5789,19.2486,5703796,2019-08-04 13:10:00,2019-08-04,http://en.wikipedia.org/wiki/2019_Hungarian_Grand_Prix,24.95,0.0,3.6,230.0,Clear,Clear,clear sky,,Clear,70,70
1022,2019,Belgium,13,Belgian Grand Prix,Circuit de Spa-Francorchamps,50.4372,5.97139,5025710,2019-09-01 13:10:00,2019-09-01,http://en.wikipedia.org/wiki/2019_Belgian_Grand_Prix,17.27,40.0,3.0,330.0,Clouds,Clouds,scattered clouds,,Clouds,44,44
1023,2019,Italy,14,Italian Grand Prix,Autodromo Nazionale di Monza,45.6156,9.28111,4526665,2019-09-08 13:10:00,2019-09-08,http://en.wikipedia.org/wiki/2019_Italian_Grand_Prix,19.64,29.0,0.89,96.0,Clouds,Clouds,scattered clouds,,Clouds,53,53
1024,2019,Singapore,15,Singapore Grand Prix,Marina Bay Street Circuit,1.2914,103.864,7113667,2019-09-22 12:10:00,2019-09-22,http://en.wikipedia.org/wiki/2019_Singapore_Grand_Prix,29.95,75.0,6.2,150.0,Haze,Haze,haze,,Haze,61,61
1025,2019,Russia,71,Russian Grand Prix,Sochi Autodrom,43.4057,39.9578,5618992,2019-09-29 11:10:00,2019-09-29,http://en.wikipedia.org/wiki/2019_Russian_Grand_Prix,22.02,40.0,4.02,210.0,Clouds,Clouds,scattered clouds,,Clouds,53,53
1026,2019,Japan,22,Japanese Grand Prix,Suzuka Circuit,34.8431,136.541,4906755,2019-10-13 05:10:00,2019-10-13,http://en.wikipedia.org/wiki/2019_Japanese_Grand_Prix,23.61,0.0,8.2,300.0,Clear,Clear,clear sky,,Clear,53,52
1027,2019,Mexico,32,Mexican Grand Prix,Autódromo Hermanos Rodríguez,19.4042,-99.0907,5808904,2019-10-27 19:10:00,2019-10-27,http://en.wikipedia.org/wiki/2019_Mexican_Grand_Prix,22.77,75.0,3.1,80.0,Smoke,Rain,light rain,0.36,Rain,71,71
1028,2019,USA,69,United States Grand Prix,Circuit of the Americas,30.1328,-97.6411,5635653,2019-11-03 19:10:00,2019-11-03,http://en.wikipedia.org/wiki/2019_United_States_Grand_Prix,22.07,20.0,4.6,170.0,Clouds,Clouds,few clouds,,Clouds,56,56
1029,2019,Brazil,18,Brazilian Grand Prix,Autódromo José Carlos Pace,-23.7036,-46.6997,5594678,2019-11-17 17:10:00,2019-11-17,http://en.wikipedia.org/wiki/2019_Brazilian_Grand_Prix,20.11,40.0,7.2,170.0,Clouds,Clouds,scattered clouds,,Clouds,71,71
1030,2019,United Arab Emirates,24,Abu Dhabi Grand Prix,Yas Marina Circuit,24.4672,54.6031,5645715,2019-12-01 13:10:00,2019-12-01,http://en.wikipedia.org/wiki/2019_Abu_Dhabi_Grand_Prix,27.14,0.0,4.6,330.0,Clear,Clear,clear sky,,Clear,55,55
1031,2020,Austria,70,Austrian Grand Prix,Red Bull Ring,47.2197,14.7647,5455739,2020-07-05 13:10:00,2020-07-05,http://en.wikipedia.org/wiki/2020_Austrian_Grand_Prix,26.49,20.0,3.1,80.0,Clouds,Clouds,few clouds,,Clouds,71,71
1032,2020,Austria,70,Styrian Grand Prix,Red Bull Ring,47.2197,14.7647,4970683,2020-07-12 13:10:00,2020-07-12,http://en.wikipedia.org/wiki/2020_Styrian_Grand_Prix,19.55,40.0,2.6,110.0,Clouds,Clouds,scattered clouds,,Clouds,71,71
1033,2020,Hungary,11,Hungarian Grand Prix,Hungaroring,47.5789,19.2486,5772473,2020-07-19 13:10:00,2020-07-19,http://en.wikipedia.org/wiki/2020_Hungarian_Grand_Prix,20.69,40.0,2.6,30.0,Rain,Rain,light rain,0.25,Clouds,70,70
1034,2020,England,9,British Grand Prix,Silverstone Circuit,52.0786,-1.01694,5281283,2020-08-02 13:10:00,2020-08-02,http://en.wikipedia.org/wiki/2020_British_Grand_Prix,21.39,39.0,0.45,315.0,Clouds,Clouds,scattered clouds,,Clouds,52,52
1036,2020,Spain,4,Spanish Grand Prix,Circuit de Barcelona-Catalunya,41.57,2.26111,5505279,2020-08-16 13:10:00,2020-08-16,http://en.wikipedia.org/wiki/2020_Spanish_Grand_Prix,27.68,40.0,6.2,120.0,,Clouds,scattered clouds,,,66,66
1037,2020,Belgium,13,Belgian Grand Prix,Circuit de Spa-Francorchamps,50.4372,5.97139,5048761,2020-08-30 13:10:00,2020-08-30,http://en.wikipedia.org/wiki/2020_Belgian_Grand_Prix,17.37,40.0,3.6,320.0,Clouds,Clouds,scattered clouds,,Clouds,44,44
1038,2020,Italy,14,Italian Grand Prix,Autodromo Nazionale di Monza,45.6156,9.28111,6426056,2020-09-06 13:10:00,2020-09-06,http://en.wikipedia.org/wiki/2020_Italian_Grand_Prix,27.12,20.0,2.1,110.0,Clouds,Clouds,few clouds,,Clear,53,53
1039,2020,Italy,76,Tuscan Grand Prix,Autodromo Internazionale del Mugello,43.9975,11.3719,8375060,2020-09-13 13:10:00,2020-09-13,http://en.wikipedia.org/wiki/2020_Tuscan_Grand_Prix,29.9,0.0,3.29,30.0,Clear,Clear,clear sky,,Clear,59,59
1040,2020,Russia,71,Russian Grand Prix,Sochi Autodrom,43.4057,39.9578,5640364,2020-09-27 11:10:00,2020-09-27,http://en.wikipedia.org/wiki/2020_Russian_Grand_Prix,29.1,20.0,5.0,170.0,Clear,Clouds,few clouds,,Clouds,53,53
1041,2020,Germany,20,Eifel Grand Prix,Nürburgring,50.3356,6.9475,5749641,2020-10-11 13:10:00,2020-10-11,http://en.wikipedia.org/wiki/2020_Eifel_Grand_Prix,9.58,45.0,3.1,290.0,Clouds,Clouds,scattered clouds,,Clouds,60,60
1042,2020,Portugal,75,Portuguese Grand Prix,Autódromo Internacional do Algarve,37.227,-8.6267,5396828,2020-10-25 12:10:00,2020-10-25,http://en.wikipedia.org/wiki/2020_Portuguese_Grand_Prix,19.06,87.0,7.86,239.0,Clouds,Clouds,overcast clouds,,Clouds,66,66
1043,2020,Italy,21,Emilia Romagna Grand Prix,Autodromo Enzo e Dino Ferrari,44.3439,11.7167,5312430,2020-11-01 12:10:00,2020-11-01,http://en.wikipedia.org/wiki/2020_Emilia_Romagna_Grand_Prix,17.2,100.0,1.83,261.0,Clouds,Clouds,overcast clouds,,Clouds,63,63
1044,2020,Turkey,5,Turkish Grand Prix,Istanbul Park,40.9517,29.405,6139313,2020-11-15 10:10:00,2020-11-15,http://en.wikipedia.org/wiki/2020_Turkish_Grand_Prix,13.45,75.0,2.1,70.0,Clouds,Clouds,broken clouds,,Clouds,58,58
1045,2020,Bahrain,3,Bahrain Grand Prix,Bahrain International Circuit,26.0325,50.5106,10787515,2020-11-29 14:10:00,2020-11-29,http://en.wikipedia.org/wiki/2020_Bahrain_Grand_Prix,24.3,14.0,0.45,37.0,Clouds,Clouds,few clouds,,Clear,57,57
1046,2020,Bahrain,3,Sakhir Grand Prix,Bahrain International Circuit,26.0325,50.5106,5475114,2020-12-06 17:10:00,2020-12-06,http://en.wikipedia.org/wiki/2020_Sakhir_Grand_Prix,21.68,29.0,2.68,24.0,Clear,Clouds,scattered clouds,,Clouds,87,87
1047,2020,United Arab Emirates,24,Abu Dhabi Grand Prix,Yas Marina Circuit,24.4672,54.6031,5788645,2020-12-13 13:10:00,2020-12-13,http://en.wikipedia.org/wiki/2020_Abu_Dhabi_Grand_Prix,23.14,20.0,5.1,330.0,Clouds,Clouds,few clouds,,Clouds,55,55
1051,2021,Qatar,78,Qatar Grand Prix,Losail International Circuit,25.49,51.4542,5068471,2021-11-21 14:00:00,2021-11-21,http://en.wikipedia.org/wiki/2021_Qatar_Grand_Prix,27.18,0.0,4.92,112.0,Clear,Clear,clear sky,,Clear,57,57
1052,2021,Bahrain,3,Bahrain Grand Prix,Bahrain International Circuit,26.0325,50.5106,5523897,2021-03-28 15:00:00,2021-03-28,http://en.wikipedia.org/wiki/2021_Bahrain_Grand_Prix,20.6,0.0,11.4,337.0,Clear,Clear,clear sky,,Clear,57,56
1053,2021,Italy,21,Emilia Romagna Grand Prix,Autodromo Enzo e Dino Ferrari,44.3439,11.7167,7354598,2021-04-18 13:00:00,2021-04-18,http://en.wikipedia.org/wiki/2021_Emilia_Romagna_Grand_Prix,13.61,99.0,3.14,47.0,Rain,Rain,light rain,0.12,Rain,63,63
1054,2021,Portugal,75,Portuguese Grand Prix,Autódromo Internacional do Algarve,37.227,-8.6267,5671421,2021-05-02 14:00:00,2021-05-02,http://en.wikipedia.org/wiki/2021_Portuguese_Grand_Prix,17.82,95.0,5.96,314.0,Clouds,Clouds,overcast clouds,,Clouds,66,66
1055,2021,Spain,4,Spanish Grand Prix,Circuit de Barcelona-Catalunya,41.57,2.26111,5587680,2021-05-09 13:00:00,2021-05-09,http://en.wikipedia.org/wiki/2021_Spanish_Grand_Prix,21.29,20.0,2.6,160.0,Clouds,Clouds,few clouds,,Clear,66,66
1056,2021,Monaco,6,Monaco Grand Prix,Circuit de Monaco,43.7347,7.42056,5936820,2021-05-23 13:00:00,2021-05-23,http://en.wikipedia.org/wiki/2021_Monaco_Grand_Prix,20.68,75.0,10.29,90.0,Clear,Clouds,broken clouds,,Clouds,78,78
1057,2021,Azerbaijan,73,Azerbaijan Grand Prix,Baku City Circuit,40.3725,49.8533,8016410,2021-06-06 12:00:00,2021-06-06,http://en.wikipedia.org/wiki/2021_Azerbaijan_Grand_Prix,20.17,20.0,7.2,20.0,Clouds,Clouds,few clouds,,Clear,51,51
1058,2021,Austria,70,Styrian Grand Prix,Red Bull Ring,47.2197,14.7647,4938925,2021-06-27 13:00:00,2021-06-27,http://en.wikipedia.org/wiki/2021_Styrian_Grand_Prix,26.1,75.0,2.57,260.0,Clouds,Clouds,broken clouds,,Rain,71,71
1059,2021,France,34,French Grand Prix,Circuit Paul Ricard,43.2506,5.79167,5245770,2021-06-20 13:00:00,2021-06-20,http://en.wikipedia.org/wiki/2021_French_Grand_Prix,25.91,82.0,1.34,55.0,Clouds,Clouds,broken clouds,,Clouds,53,53
1060,2021,Austria,70,Austrian Grand Prix,Red Bull Ring,47.2197,14.7647,5034543,2021-07-04 13:00:00,2021-07-04,http://en.wikipedia.org/wiki/2021_Austrian_Grand_Prix,20.92,75.0,2.06,60.0,Clouds,Clouds,broken clouds,,Clouds,71,71
1061,2021,England,9,British Grand Prix,Silverstone Circuit,52.0786,-1.01694,7103284,2021-07-18 14:00:00,2021-07-18,http://en.wikipedia.org/wiki/2021_British_Grand_Prix,29.63,1.0,1.79,176.0,Clear,Clear,clear sky,,Clouds,52,52
1062,2021,Hungary,11,Hungarian Grand Prix,Hungaroring,47.5789,19.2486,7483199,2021-08-01 13:00:00,2021-08-01,http://en.wikipedia.org/wiki/2021_Hungarian_Grand_Prix,27.48,20.0,1.03,0.0,Rain,Rain,light intensity shower rain,0.14,Clouds,70,70
1063,2021,Belgium,13,Belgian Grand Prix,Circuit de Spa-Francorchamps,50.4372,5.97139,207071,2021-08-29 13:00:00,2021-08-29,http://en.wikipedia.org/wiki/2021_Belgian_Grand_Prix,13.44,100.0,4.63,330.0,Drizzle,Drizzle,drizzle,0.53,Rain,44,1
1064,2021,Netherlands,39,Dutch Grand Prix,Circuit Park Zandvoort,52.3888,4.54092,5405395,2021-09-05 13:00:00,2021-09-05,http://en.wikipedia.org/wiki/2021_Dutch_Grand_Prix,21.65,0.0,3.6,70.0,Clear,Clear,clear sky,,Clear,72,72
1065,2021,Italy,14,Italian Grand Prix,Autodromo Nazionale di Monza,45.6156,9.28111,4914365,2021-09-12 13:00:00,2021-09-12,http://en.wikipedia.org/wiki/2021_Italian_Grand_Prix,29.37,0.0,2.06,0.0,Clear,Clear,clear sky,,Clouds,53,53
1066,2021,Russia,71,Russian Grand Prix,Sochi Autodrom,43.4057,39.9578,5441001,2021-09-26 12:00:00,2021-09-26,http://en.wikipedia.org/wiki/2021_Russian_Grand_Prix,17.99,100.0,3.0,140.0,Rain,Rain,light rain,0.33,Rain,53,53
1067,2021,Turkey,5,Turkish Grand Prix,Istanbul Park,40.9517,29.405,5464103,2021-10-10 12:00:00,2021-10-10,http://en.wikipedia.org/wiki/2021_Turkish_Grand_Prix,17.87,75.0,7.2,30.0,Rain,Clouds,broken clouds,,Clouds,58,58
1069,2021,USA,69,United States Grand Prix,Circuit of the Americas,30.1328,-97.6411,5676552,2021-10-24 19:00:00,2021-10-24,http://en.wikipedia.org/wiki/2021_United_States_Grand_Prix,29.0,20.0,4.12,180.0,Clouds,Clouds,few clouds,,Clouds,56,56
1070,2021,Mexico,32,Mexico City Grand Prix,Autódromo Hermanos Rodríguez,19.4042,-99.0907,5919086,2021-11-07 19:00:00,2021-11-07,http://en.wikipedia.org/wiki/2021_Mexican_Grand_Prix,20.56,69.0,2.68,310.0,Clear,Clouds,broken clouds,,Clouds,71,71
1071,2021,Brazil,18,São Paulo Grand Prix,Autódromo José Carlos Pace,-23.7036,-46.6997,5542851,2021-11-14 17:00:00,2021-11-14,http://en.wikipedia.org/wiki/2021_S%C3%A3o_Paulo_Grand_Prix,23.55,20.0,6.17,170.0,Clouds,Clouds,few clouds,,Clear,71,71
1072,2021,Saudi Arabia,77,Saudi Arabian Grand Prix,Jeddah Corniche Circuit,21.6319,39.1044,7575118,2021-12-05 17:30:00,2021-12-05,http://en.wikipedia.org/wiki/2021_Saudi_Arabian_Grand_Prix,27.68,0.0,2.06,260.0,Clear,Clear,clear sky,,Clear,50,50
1073,2021,United Arab Emirates,24,Abu Dhabi Grand Prix,Yas Marina Circuit,24.4672,54.6031,5417345,2021-12-12 13:00:00,2021-12-12,http://en.wikipedia.org/wiki/2021_Abu_Dhabi_Grand_Prix,25.09,40.0,5.14,300.0,Clouds,Clouds,scattered clouds,,Clouds,58,58
1074,2022,Bahrain,3,Bahrain Grand Prix,Bahrain International Circuit,26.0325,50.5106,5853584,2022-03-20 15:00:00,2022-03-20,http://en.wikipedia.org/wiki/2022_Bahrain_Grand_Prix,20.38,0.0,5.69,355.0,Clear,Clear,clear sky,,Clear,57,57
1075,2022,Saudi Arabia,77,Saudi Arabian Grand Prix,Jeddah Corniche Circuit,21.6319,39.1044,5059293,2022-03-27 17:00:00,2022-03-27,http://en.wikipedia.org/wiki/2022_Saudi_Arabian_Grand_Prix,25.53,0.0,7.2,320.0,Clear,Clear,clear sky,,Clear,50,50
1076,2022,Australia,1,Australian Grand Prix,Albert Park Grand Prix Circuit,-37.8497,144.968,5266548,2022-04-10 05:00:00,2022-04-10,http://en.wikipedia.org/wiki/2022_Australian_Grand_Prix,27.23,20.0,6.17,330.0,Clouds,Clouds,few clouds,,Clear,58,58
1077,2022,Italy,21,Emilia Romagna Grand Prix,Autodromo Enzo e Dino Ferrari,44.3439,11.7167,5527986,2022-04-24 13:00:00,2022-04-24,http://en.wikipedia.org/wiki/2022_Emilia_Romagna_Grand_Prix,13.81,100.0,2.93,220.0,Rain,Rain,light rain,0.57,Rain,63,63
1078,2022,USA,79,Miami Grand Prix,Miami International Autodrome,25.9581,-80.2389,5664258,2022-05-08 19:30:00,2022-05-08,http://en.wikipedia.org/wiki/2022_Miami_Grand_Prix,30.99,75.0,7.72,110.0,Rain,Rain,light rain,0.38,Clouds,57,57
1079,2022,Spain,4,Spanish Grand Prix,Circuit de Barcelona-Catalunya,41.57,2.26111,5840475,2022-05-22 13:00:00,2022-05-22,http://en.wikipedia.org/wiki/2022_Spanish_Grand_Prix,34.9,0.0,5.14,210.0,Clear,Clear,clear sky,,Clear,66,66
1080,2022,Monaco,6,Monaco Grand Prix,Circuit de Monaco,43.7347,7.42056,6990265,2022-05-29 13:00:00,2022-05-29,http://en.wikipedia.org/wiki/2022_Monaco_Grand_Prix,20.71,75.0,9.26,210.0,Clouds,Clouds,broken clouds,,Clouds,78,64
1081,2022,Azerbaijan,73,Azerbaijan Grand Prix,Baku City Circuit,40.3725,49.8533,5645941,2022-06-12 11:00:00,2022-06-12,http://en.wikipedia.org/wiki/2022_Azerbaijan_Grand_Prix,26.55,0.0,6.17,170.0,Clear,Clear,clear sky,,Clear,51,51
1082,2022,Canada,7,Canadian Grand Prix,Circuit Gilles Villeneuve,45.5,-73.5228,5781757,2022-06-19 18:00:00,2022-06-19,http://en.wikipedia.org/wiki/2022_Canadian_Grand_Prix,19.81,0.0,9.26,330.0,Clear,Clear,clear sky,,Clear,70,70
1083,2022,England,9,British Grand Prix,Silverstone Circuit,52.0786,-1.01694,8270311,2022-07-03 14:00:00,2022-07-03,http://en.wikipedia.org/wiki/2022_British_Grand_Prix,18.92,62.0,0.89,103.0,Clouds,Clouds,broken clouds,,Rain,52,52
1084,2022,Austria,70,Austrian Grand Prix,Red Bull Ring,47.2197,14.7647,5064312,2022-07-10 13:00:00,2022-07-10,http://en.wikipedia.org/wiki/2022_Austrian_Grand_Prix,20.08,75.0,7.2,280.0,Rain,Rain,light rain,0.32,Rain,71,71
1085,2022,France,34,French Grand Prix,Circuit Paul Ricard,43.2506,5.79167,5402112,2022-07-24 13:00:00,2022-07-24,http://en.wikipedia.org/wiki/2022_French_Grand_Prix,31.98,0.0,4.1,231.0,Clear,Clear,clear sky,,Clear,53,53
1086,2022,Hungary,11,Hungarian Grand Prix,Hungaroring,47.5789,19.2486,5975912,2022-07-31 13:00:00,2022-07-31,http://en.wikipedia.org/wiki/2022_Hungarian_Grand_Prix,18.32,75.0,10.8,310.0,Rain,Rain,light rain,0.34,Rain,70,70
1087,2022,Belgium,13,Belgian Grand Prix,Circuit de Spa-Francorchamps,50.4372,5.97139,5152894,2022-08-28 13:00:00,2022-08-28,http://en.wikipedia.org/wiki/2022_Belgian_Grand_Prix,21.53,75.0,4.63,40.0,Clouds,Clouds,broken clouds,,Clouds,44,44
1088,2022,Netherlands,39,Dutch Grand Prix,Circuit Park Zandvoort,52.3888,4.54092,5802773,2022-09-04 13:00:00,2022-09-04,http://en.wikipedia.org/wiki/2022_Dutch_Grand_Prix,26.87,20.0,4.12,140.0,Clouds,Clouds,few clouds,,Clouds,72,72
1089,2022,Italy,14,Italian Grand Prix,Autodromo Nazionale di Monza,45.6156,9.28111,4827511,2022-09-11 13:00:00,2022-09-11,http://en.wikipedia.org/wiki/2022_Italian_Grand_Prix,27.12,0.0,2.06,310.0,Clear,Clear,clear sky,,Clear,53,53
1091,2022,Singapore,15,Singapore Grand Prix,Marina Bay Street Circuit,1.2914,103.864,7340238,2022-10-02 12:00:00,2022-10-02,http://en.wikipedia.org/wiki/2022_Singapore_Grand_Prix,25.86,75.0,1.03,110.0,Thunderstorm,Clouds,broken clouds,,Clouds,61,59
1092,2022,Japan,22,Japanese Grand Prix,Suzuka Circuit,34.8431,136.541,10904004,2022-10-09 05:00:00,2022-10-09,http://en.wikipedia.org/wiki/2022_Japanese_Grand_Prix,19.02,100.0,3.04,106.0,Rain,Rain,moderate rain,1.46,Rain,53,28
1093,2022,USA,69,United States Grand Prix,Circuit of the Americas,30.1328,-97.6411,6131687,2022-10-23 19:00:00,2022-10-23,http://en.wikipedia.org/wiki/2022_United_States_Grand_Prix,28.98,75.0,7.2,170.0,Clouds,Clouds,broken clouds,,Clouds,56,56
1094,2022,Mexico,32,Mexico City Grand Prix,Autódromo Hermanos Rodríguez,19.4042,-99.0907,5916729,2022-10-30 20:00:00,2022-10-30,http://en.wikipedia.org/wiki/2022_Mexican_Grand_Prix,23.92,40.0,3.09,30.0,Clouds,Clouds,scattered clouds,,Clouds,71,71
1095,2022,Brazil,18,Brazilian Grand Prix,Autódromo José Carlos Pace,-23.7036,-46.6997,5914044,2022-11-13 18:00:00,2022-11-13,http://en.wikipedia.org/wiki/2022_Brazilian_Grand_Prix,27.15,0.0,6.17,180.0,Clouds,Clear,clear sky,,Clouds,71,71
1096,2022,United Arab Emirates,24,Abu Dhabi Grand Prix,Yas Marina Circuit,24.4672,54.6031,5265914,2022-11-20 13:00:00,2022-11-20,http://en.wikipedia.org/wiki/2022_Abu_Dhabi_Grand_Prix,29.09,0.0,7.2,320.0,Clear,Clear,clear sky,,Clear,58,58
